ts,z_Delta,z_Theta,z_LowAlpha,z_HighAlpha,z_LowBeta,z_HighBeta,z_LowGamma,z_MidGamma,rsi14,sma_diff,rv20
2022-01-29 15:54:00+00:00,-0.593928460653169,0.905425554950895,-0.43907280033488516,-0.8169446273480471,-0.8736585634022578,-0.5242455191480022,-0.8345651863590531,0.7809997839541825,97.94029662254418,414.9609999999884,0.06167514390517699
2022-01-29 15:55:00+00:00,-0.9453029815393971,0.6973019547046051,-0.36944501681748837,-0.6178083681229318,0.5416164070996035,0.06617684121004573,0.30180771325076955,2.4469159062659074,97.9828158638255,771.7775000000038,0.06159144332910314
2022-01-29 15:56:00+00:00,-1.0928093234908545,-0.5859350177324859,-0.14075101520965438,-0.7575408390505586,-1.2657026834535394,-0.6502487895811516,-1.0506586922123566,-0.6900477193042766,97.44503656539075,1129.388500000001,0.06166344664900013
2022-01-29 15:57:00+00:00,-1.1329970621722634,-0.6112102178778451,-0.9348671713186287,-0.7985273065632061,-0.47594103161190343,-0.5096439233422732,-0.6501315328078074,-0.14404924847433864,97.41178853396987,1464.8664999999964,0.06166924494989731
2022-01-29 15:58:00+00:00,-0.2650956948281135,-1.1768548302730542,-0.40529688340985687,0.0034069720965412852,0.6029516319419789,-0.4087158250390294,-1.0330479050232606,-0.5058681567020374,97.46493058602243,1812.4839999999895,0.06167980584545725
2022-01-29 15:59:00+00:00,-0.9110443036617223,-0.9271010253403967,-0.7053940498306952,0.14748380721153986,-0.23284725140231727,-0.8384354316085042,0.31935881909801056,-1.1838414658234584,96.31193428359259,1702.1270000000077,0.06163066834253904
2022-01-29 16:00:00+00:00,-0.5724281872197041,-0.9348454756693554,0.7267357093400669,-0.12596898023109984,-1.0273486416569402,0.8933687015544933,-0.09310137272948277,-1.3153500139432424,96.27862922092021,1583.4460000000036,0.06158463280878119
2022-01-30 04:05:00+00:00,2.4199977605616096,3.2967006850651446,3.8652627327097346,2.1197042489468854,3.0619841856713745,3.6051889127181163,3.6222315285092463,2.3617018298450083,97.13591103588051,1521.1080000000002,0.06176228167187794
2022-01-30 04:06:00+00:00,3.3498517228256013,3.7025578385124525,-0.1312893449055016,3.196442629173135,3.7588442534463486,-0.45473667505021526,0.6227516013486014,2.182751291795787,97.13591103588051,1458.8055000000022,0.061763638160818625
2022-01-30 04:07:00+00:00,-0.2347883329495235,1.0302485176766187,1.5950459765179834,0.17938693015939375,0.951528994462305,1.726068175998828,2.1589994637927084,0.3980017337116167,97.85123012489784,1387.4095000000088,0.061819453602208405
2022-01-30 04:08:00+00:00,0.5791094144162614,0.5993111285459133,-0.32517986765593593,-0.25345211039185694,0.16275113896200846,2.609167710783724,0.053342450727397135,0.3362888874785302,97.5739741260072,1322.3064999999988,0.06183434129050441
2022-01-30 04:09:00+00:00,2.8270442747366213,0.575780971664533,2.083849687948566,1.2897823594814157,0.3556552049339095,2.7792440838921793,2.2494245583693173,3.2450789881061377,97.78913355916565,1248.5979999999981,0.06182216983170982
2022-01-30 04:10:00+00:00,-0.24025055257194486,-0.2754198141901057,-0.16955956307589645,-0.5815447182554617,-0.0934369701430795,-0.5356625927828544,0.0391603975396335,-0.5947884352629518,97.70441372059985,1108.6449999999968,0.06190934118964801
2022-01-30 04:11:00+00:00,-0.5759160256622634,-0.6723911612863362,-0.24032250137955538,-0.5357312059690922,-0.7290420229833509,-0.6776190578641248,-0.7984669704910463,0.25071095066642207,97.8708366463471,968.0475000000006,0.061884431011224254
2022-01-30 04:12:00+00:00,-0.7140491078040629,-0.744550474404667,-0.4263770656185921,-0.07312232354150003,-0.6595342131019626,-0.8089903810875603,0.0,-0.326130237334106,89.65221124946427,827.4499999999971,0.061884431011224254
2022-01-30 04:13:00+00:00,-0.2020894193908907,-0.1788155404100063,0.17069928000329207,-0.39971133167308043,-0.4955198049648628,-0.39512989289795275,-0.8377832165987088,-0.7388092584391766,88.1432647840216,687.4285000000018,0.061840917529146486
2022-01-30 04:14:00+00:00,-0.5253727926283048,-0.6635227322913988,-0.31484832961136505,-0.08154957666103643,-0.6521281287536448,-0.3705940983720486,-0.34035469786684663,-0.5481433816391014,90.6882099252886,547.5384999999951,0.06184577556420677
2022-01-30 04:15:00+00:00,-0.5643937852187185,-0.6319153162147456,-0.32305530714434316,-0.011535285390945447,-0.09540177882088757,-0.34216000798488144,-0.0963835822097167,-0.4428809351804217,90.86503128414097,408.17400000000634,0.061817337227620915
2022-01-30 04:21:00+00:00,-0.558786181148639,-0.1841199772651992,-0.6595428543335909,-0.270818396668106,-0.5172704157929806,-0.4762671000969737,-0.5769246420762696,-0.23370589267459768,56.29228687415879,58.63600000000588,0.009416762559079214
2022-01-30 04:22:00+00:00,4.1338802480267365,0.5612210166263483,1.6912968199394838,1.0016148230743058,-0.4511129519427122,-0.36403994733196066,0.2704716099497874,-0.2444018800636064,89.97837058399506,40.82300000000396,0.009383234460158197
2022-01-30 04:23:00+00:00,-0.3029013098019484,-0.6198146086250637,-0.7152284332390296,-0.6961693414193367,0.12389737268874935,-0.0830345222145146,-0.16425328361269093,0.32683192611085643,89.97837058399506,21.12550000000192,0.00927018769638899
2022-01-30 04:24:00+00:00,-0.29135996095359185,-0.20482450984656092,-0.4158557689188629,-0.5864149749358135,-0.5640537283547902,-0.5053675894141284,-0.912500562165307,-0.7254472371583975,87.3059360730613,3.500500000001921,0.009262997154215018
2022-01-30 04:25:00+00:00,0.3342037511522187,-0.06872864186168151,0.3463351198798135,0.6251297719897615,0.11065621136557875,-0.1591928335487384,-0.8535196587240398,-0.6259771973501422,87.3059360730613,3.361000000004424,0.00035297149060472573
2022-01-30 04:26:00+00:00,-0.27542179797453686,-0.5228628823576829,1.021862584357853,-0.5962506500891916,0.036324344252590714,-0.623471576734299,-0.973430861157957,-0.7130007846526109,96.6802006209707,7.859499999991385,0.0008842034169368793
2022-01-30 04:27:00+00:00,-0.17975681734150542,-0.4745110938558076,-0.7245857563497311,-0.650815388531167,-0.8364772635596953,-0.5609108934768634,0.20923745571525612,0.12825174045834792,96.6802006209707,12.358000000000175,0.0008842034169368793
2022-01-30 04:28:00+00:00,-0.25200314313295974,-0.7831363646548565,-0.4730429810139729,-0.4732727906458225,-1.0533970932332615,-0.3986584526237526,-1.0881800451100214,-0.7187141982117554,97.56354075372563,18.718500000002678,0.0009064335023295476
2022-01-30 04:29:00+00:00,-0.3100514487196527,-0.7538552309745525,-0.7716988838452907,0.1357245655966316,-0.5831252691859677,-0.3882396078436897,-1.3873668121985834,-0.8912614697406915,73.73640435060926,22.824500000002445,0.0010202792811166337
2022-01-30 04:30:00+00:00,1.172773250994927,3.972532505351209,-0.3496832519442648,-0.9535180641062662,0.8416385793868665,-0.24002408237282197,-1.3075866791818929,-1.04322486715961,82.34672304439871,30.677999999999884,0.0011722419604859567
2022-01-30 04:31:00+00:00,-0.36131873887323496,0.02106605194163819,-0.44327009244583515,-0.5636386137352462,-0.3664429658120739,-0.722159472820821,-0.41477678390280914,-1.109256738115474,82.73604410751294,32.63549999999668,0.0011695484605312473
2022-01-30 04:32:00+00:00,-0.3260197858723528,0.18155581709162213,-0.03579915830972473,0.6826981309316763,-1.7883749119103771,0.0761852642882993,0.2311639592126156,-1.3411478351333832,82.73604410751294,34.59300000000076,0.0011695484605312473
2022-01-30 04:33:00+00:00,-0.35521513988652104,-0.4987047906235901,-0.48652022639234876,-0.27300195831696067,-1.314780370673135,-0.9735259053522298,-0.6845107969206029,-0.3180819372117841,82.73604410751294,33.51450000000477,0.0011695484605312473
2022-01-30 04:35:00+00:00,-0.1699978457029473,0.9400531714717104,0.22491249371106165,0.2303885478941549,0.09565616938290099,-0.7637555111305186,2.2317226585655563,1.4449646936506404,83.1085637221853,33.62149999999383,0.001156701514521026
2022-01-30 04:36:00+00:00,-0.292636289319749,-0.47986403671581346,-0.40730922888097265,-0.5567605754826178,-0.586380067659629,-1.2218145300395156,1.5149417208695715,-0.8576661877128832,83.1085637221853,31.059499999988475,0.0011535306814394555
2022-01-30 04:37:00+00:00,-0.32446533399441185,-0.2793371443598128,-0.3225576036324281,-0.5245174928719986,2.0283208485071156,-1.230931690213879,-0.535006773220885,-0.8085805760010673,83.1085637221853,28.49749999999767,0.0011535306814394555
2022-01-30 04:38:00+00:00,-0.18327255266109924,-0.25414581635979394,0.18624885714778647,-0.1503410492384199,-0.38425643309801044,-0.3233966345037539,-0.5716768003051014,-1.0032424352681264,83.1085637221853,25.935499999992317,0.0011535306814394555
2022-01-30 04:39:00+00:00,-0.3856686814595048,-0.6608679803649358,-0.08869859426007844,-0.8842618501490241,-0.8586302954701388,2.8179648797768193,0.2645610326433859,0.2057257591236602,83.1085637221853,22.989499999996042,0.0011535306814394555
2022-01-30 04:40:00+00:00,-0.42749052083433814,-0.4762289281322562,-0.5860089999036245,-0.5343583371047951,-0.35014840871080344,2.25829441383646,0.93256010006716,-0.3792591939147849,77.57385854968733,21.38749999999709,0.0011609072210311113
2022-01-30 04:41:00+00:00,-0.3682273943304269,-0.055575711593880334,-0.447009818590204,0.5264377307738077,-0.4410817461235882,3.2560627343563926,3.2553258674399492,2.0997982382082205,71.96843853821244,19.002499999995052,0.0011800031123448355
2022-01-30 04:42:00+00:00,3.6524867845806583,2.419903518294141,1.3178421953385209,-0.29796567106131794,0.9984153147327207,1.103186313527139,1.654789174650373,2.8032775244528585,64.5110410094705,16.617499999993015,0.0011800031123448355
2022-01-30 04:43:00+00:00,-0.2853021461019386,0.19746630658871644,-0.8125760265531674,-1.1649647195690132,-0.3994902579992408,1.3360527839394398,0.3644566955521214,0.6331143944968814,87.58029978587929,14.232499999998254,0.0011800031123448355
2022-01-30 04:44:00+00:00,3.529558268893278,3.039125789344253,-0.44541844312977724,0.5073054220487436,0.8739609813091869,-0.24520803482800593,-0.32751598349614325,1.1028134186612635,90.96103896104727,17.806999999993423,0.0015174285400365052
2022-01-30 04:45:00+00:00,-0.4287362913487684,-0.34316315452300034,-0.813994682996481,2.1385002843107026,-0.06737741605509534,-0.4307025107245244,0.3780029782733405,-0.5371293731094586,90.95006934813595,19.866999999991094,0.0015136578901923583
2022-01-30 04:46:00+00:00,-0.34821711898443614,-0.232814068803514,-0.5779979921669522,-1.371240291061169,0.280315463754651,-0.006614838986743578,0.0473993431983096,2.192953437972864,90.95006934813595,24.51699999999255,0.0013390386104080118
2022-01-30 04:47:00+00:00,-0.4253078668789399,-0.4716680984832938,0.48715043697887883,-0.9955693177673459,-0.4350755248085666,1.3787824684476135,0.3543633930195421,0.22924557446823815,90.95006934813595,29.166999999994005,0.0013390386104080118
2022-01-30 04:48:00+00:00,-0.2688373037094005,-0.4300640724157364,0.4261195850221157,-0.7398661060184243,0.16058154670516048,0.7820142383428254,0.1194694626321316,1.5007874995543946,82.93403347555585,33.79899999999907,0.0013183636824940336
2022-01-30 04:49:00+00:00,4.123399654785029,4.186805233126198,4.029845241302591,3.8390902736622157,4.2186174874729145,4.116924962385751,3.9471667835133335,4.167545914196694,82.93403347555585,29.73349999999482,0.0012275899376911936
2022-01-30 04:50:00+00:00,-0.23526330552746091,-0.24604587401090958,0.03879937875852788,-0.4335527548014574,0.14277033279284826,0.9538663534883157,-0.097526116032689,0.0622590480724156,83.25281803543375,26.672500000000582,0.001087032917026115
2022-02-01 19:54:00+00:00,0.3208115984499304,-0.05728169162084667,0.017901552246463445,1.8185649225515688,-0.03771299263244139,-0.19668022470001015,-0.5099478745453618,-0.39534955895646656,97.5085643101851,77.00700000000506,0.009300726995537023
2022-02-01 19:55:00+00:00,-0.3415439317747662,-0.24332227099151746,-0.5768487115094394,0.8790357932383914,-0.1760250867176873,-0.3667067869362407,-0.3422161090654797,-0.43420831021691736,96.85655815724367,126.91999999999825,0.009305334614948828
2022-02-01 19:56:00+00:00,-0.13963188914357488,-0.21405735440943555,1.0617571951359208,0.5559595935665477,-0.05261160499773774,0.07447733753667905,-0.5371524437002873,-0.30472622431210855,94.2722808967954,176.14099999999598,0.009327730368298055
2022-02-01 19:57:00+00:00,-0.35967899291093725,-0.27231339769807145,-0.3134719927165375,-0.6513512210556529,-0.4063365345190157,-0.4629857896707953,-0.08158747179599149,-0.3693314453554037,89.21535668661426,221.94950000000244,0.009384617594088974
2022-02-02 06:46:00+00:00,-0.3513076814874931,-0.31751162516124926,-0.4347684545304135,-0.6173776071087033,-0.30841971659079287,-0.5181094601225337,-0.4945035468516544,-0.4141601932279653,78.36486406677537,257.4759999999951,0.009636214945956541
2022-02-02 06:47:00+00:00,-0.3475516536349706,-0.3083245575850974,-0.4235154603088395,-0.04706290946187774,-0.43421791128228737,-0.6237955645673663,-0.6449799785637021,-0.41243348860048984,78.36486406677537,221.93650000000343,0.009636214945956541
2022-02-02 06:48:00+00:00,-0.35756818940973134,-0.3285592681468044,-0.26311487429216085,-0.7669220942728137,-0.34870408647702333,-0.5499894108257967,-0.6339008494127701,-0.38386101595240746,75.79109706408721,184.37150000000838,0.009665535245578552
2022-02-02 06:49:00+00:00,-0.3466746596424092,-0.31403985562937253,-0.29443716254930435,-0.6481016572326869,-0.36513856396551564,-0.5391744824824117,-0.5915425259410637,-0.24526877555482848,69.4901778269048,144.58350000000064,0.009728447540274698
2022-02-02 06:50:00+00:00,-0.3455580857088956,-0.3170349450225561,-0.5437422946931381,-0.4464952823340333,-0.18580494481502713,-0.37361354865354746,0.36180183230232404,-0.37617407208304177,67.16468526857162,106.93099999998958,0.009753892051541153
2022-02-02 06:51:00+00:00,-0.35130801808521905,-0.31889906650491806,-0.4248247108037033,-0.7915437030930859,-0.3151100426373321,-0.07015701851704864,-0.6306226631228024,-0.11891817306039333,68.47493804605377,86.43549999999959,0.009757547392696714
2022-02-02 06:52:00+00:00,-0.3485688380409152,-0.33134228919793474,-0.5215487935906437,-0.6482062423075167,-0.3007964164058564,-0.2605880554578709,-0.07176896736933744,-0.40930095289523427,68.47493804605377,65.67900000000373,0.009751802571078773
2022-02-02 06:53:00+00:00,-0.31947206015964835,-0.30557265379848786,-0.5334587103700693,-0.5896563704058844,-0.26910996758154687,-0.15461559503847297,0.24079702275383935,-0.08341173642401392,65.0563690107922,43.237999999997555,0.009823787566101316
2022-02-02 06:54:00+00:00,-0.3249070389213418,-0.2579059067179535,-0.4015273141017226,-0.4771945656808995,-0.34238423424957526,-0.06946671886806303,-0.3417353781656812,-0.3248829440462126,63.81490222521884,25.135000000002037,0.009837058300964256
2022-02-02 06:55:00+00:00,-0.2712715606261328,-0.2711081337888921,-0.45479866354106396,-0.5947335251063652,-0.3255847386809688,-0.3378572490459565,-0.4042341931698387,-0.30811327243489023,65.02476699472018,15.660500000005413,0.009808648185812398
2022-02-02 06:56:00+00:00,-0.27577422695799464,-0.25382158440465913,-0.17330616929198048,-0.21651918144876284,-0.3752684438762375,-0.38206587776376977,-0.2842466636497356,-0.25221588590408917,16.927899686521485,1.8665000000037253,0.009809761787486786
2022-02-02 06:57:00+00:00,-0.262498549716267,-0.22629255582788574,-0.3553774947185055,-0.3681190498893434,-0.37917527820026475,-0.4334190272830813,-0.3154984787641697,-0.19993876538780922,16.336134453783032,-13.75300000000425,0.009823001130238665
2022-02-02 06:58:00+00:00,-0.2810016472823151,-0.24201576474682762,-0.4414022575763612,-0.563670181596525,-0.3124265339601605,-0.4291945054619762,-0.15161484314586038,0.34802189190134447,29.17236092130308,-15.959500000004482,0.009862583136415077
2022-02-02 06:59:00+00:00,-0.12598100990730537,0.21369592562847797,0.584612465077162,-0.27290453400271875,-0.2446619492122245,-0.34299007437836276,-0.5334714084139448,-0.17869926487309104,34.38584316446975,-14.423999999999069,0.009852951119685874
2022-02-02 07:00:00+00:00,-0.3670787783808892,-0.31676433016060956,-0.7022306117987488,0.19893207712192273,0.08293255979513621,-0.08229892766840886,1.5168813765649216,-0.3068399780025277,50.90075599163499,-13.102499999993597,0.009856107444067829
2022-02-02 07:01:00+00:00,-0.27166533602637016,-0.5805526133189666,-0.5617710675171367,-0.7042822492672673,1.5765715073481372,-0.13697065659460475,0.04936443034623591,-0.7078836365929977,50.90075599163499,-11.723000000005413,0.009857148381339435
2022-02-02 07:02:00+00:00,-0.4413112844815945,-0.46466360114532385,-0.32614451005768175,0.8726424131812315,-0.7075708647435928,0.7834100779057056,-0.7527682637739932,0.1537920895990211,42.94341158908973,0.35749999999825377,0.003233898813501822
2022-02-02 07:03:00+00:00,-0.17268719732158952,-0.4468025661763538,-0.4552494272061752,-0.7211510613455782,-0.7395774892371636,0.0572564689955363,-0.8168213402253406,-0.09014766828725744,47.84186257464695,3.5415000000066357,0.003238065349103205
2022-02-02 07:04:00+00:00,0.5962939953519552,0.8398184783207974,0.7102595881910396,0.7239961435599879,0.4417692157180529,-0.6746499682468414,-1.1116835561614253,-0.03587906429379329,50.049424696532355,3.0415000000066357,0.0032373620968660782
2022-02-02 07:05:00+00:00,-0.06459472906924968,-0.2834650097485304,-0.3135485023912368,-0.8467061312706774,-0.855122541866398,-1.1788369410578108,-0.9188686059769194,-0.9333283930727184,51.45634798647296,0.28449999999429565,0.0033460750970234223
2022-02-02 07:06:00+00:00,-0.19154897435187637,-0.13548384488873336,-0.16507520222657895,0.8776312784437111,0.14083395136095186,-0.891221598639106,-0.31811528325252,-0.7308500524023113,55.80240002798831,-1.9839999999967404,0.0029695671049108033
2022-02-02 07:07:00+00:00,-0.1567561172244643,-0.29158702963861244,1.384089777255946,1.1259866958053724,-0.5253124461525078,-1.0698664733896859,-0.8131010521704087,-0.8537843597721184,54.62515839583585,2.3549999999959255,0.0031473732637003183
2022-02-02 07:08:00+00:00,-0.4684378701933691,-0.20717516004794012,-0.27197738794644993,0.6441259328071063,-1.4339663537143825,-1.353550563697013,-0.2634954608146874,0.31296811848230494,56.828303701856626,5.831499999992957,0.0031213740526353524
2022-02-02 07:09:00+00:00,-0.4452928113471461,-0.19432903087048808,0.4987846886343534,1.0407413962550152,-0.020622921062468956,-1.235672970687073,-0.49751543834358103,-0.5745529548499292,53.555138180843066,9.139999999999418,0.003021280379388592
2022-02-02 14:49:00+00:00,-0.3580607623152687,-0.2357459633100111,1.2195768912300544,-0.13298586826315792,0.6517829343912392,0.20417859390535595,-1.0358078820931023,-0.9113670032822739,15.841808678299827,-87.43899999999121,0.016664871083783856
2022-02-03 19:20:00+00:00,-0.4253242991484528,-0.2181497614126804,-0.9853902475438369,0.11571732305524482,0.4676650779251432,-1.1711093386314915,-0.31247370692924314,-0.8018353514816716,7.5803362648452435,-334.04150000000664,0.03029616946059156
2022-02-03 19:53:00+00:00,0.025129507006206142,-0.21406336659009642,0.2783280825942857,-0.5940159900365939,0.5929853257811005,-1.3355208338861293,-0.4106888563870033,0.3412716753090496,4.94939177268094,-593.4175000000032,0.03025241513636547
2022-02-03 19:54:00+00:00,0.03931535439770509,0.791864281389901,3.7326424688641104,3.5043311709454774,-0.5156904626103598,-1.1471619922659049,-0.44040075486569197,-0.8648409874161871,4.795171758091982,-853.2390000000014,0.03032936639862006
2022-02-03 19:55:00+00:00,0.16996362081390876,0.8842863847425225,2.2459313060197603,-0.38489215439388297,2.0712514903931907,-0.1830177651720565,-0.13867849826611311,-0.3901676906263907,7.461891966550638,-1101.5190000000002,0.030613439937328974
2022-02-03 19:56:00+00:00,-0.484364317744397,-0.15438309708251308,-0.6933074028455425,1.7422143562678212,-0.6148949050043234,0.28483476250671935,-0.8529385886403442,-0.7498591873806197,7.479549871198287,-1224.4419999999955,0.030566605420633743
2022-02-03 19:57:00+00:00,-0.42198233348967407,-0.228003931879773,0.5897076346924477,-0.2573857989834438,1.2770032854275677,0.011964783215970255,-0.08977920210979622,-0.532289862086987,7.680844041996011,-1154.3580000000075,0.03054537815809805
2022-02-03 19:58:00+00:00,-0.3650389492921719,-0.25498385622080577,-0.7238926575945129,-1.0212668928781956,-0.7505999815416982,-0.4316820870507554,1.0246128551244293,-0.13222364488794952,7.680844041996011,-1057.0804999999964,0.030567502659051903
2022-02-03 19:59:00+00:00,-0.13359149478642543,-0.4397008162220222,-0.5559573773347894,0.40294979035771283,-0.8795435157114141,-0.3090867004446508,-0.4120872882903098,-0.24998106258861585,7.5923235721387385,-963.4855000000025,0.030408975256122774
2022-02-03 20:00:00+00:00,2.4710580746606277,1.0075057298954004,0.21355702112820565,0.09597797475593674,-0.5480052124680859,-0.8898145171887443,-0.25418977882102456,2.396676831974318,7.572065136482934,-881.617499999993,0.03045631628394499
2022-02-03 20:01:00+00:00,0.06722508024345387,-0.4887485552453892,0.635409641973388,2.2062630096948435,0.09721570766690428,-0.7598388702521394,1.0669456095750047,-0.5884404665042974,6.350247697370136,-798.4515000000029,0.030391347972001482
2022-02-03 20:02:00+00:00,0.12326112333509011,0.10192474487772653,-0.3333803050373811,-0.5979506130783571,0.5467971183296257,-0.8982863250249083,0.6590587525471515,-0.9001246235213273,6.485565356856455,-713.0575000000026,0.030391347972001482
2022-02-03 20:03:00+00:00,-0.7481789336194664,-0.7446058662373245,0.02417920868940851,0.5179875562159744,1.8630068295952058,-0.8185305874344898,-0.23188177837174043,2.0037192783929894,6.102167751286913,-648.6935000000012,0.030399242617471362
2022-02-03 20:04:00+00:00,-0.8626031740283592,-0.9434383613889491,-0.6779982637698094,-0.9464184217095005,-0.8230030308330123,1.8903372690495879,0.9542719154083864,-0.49280648151112305,6.970339295638013,-575.6465000000026,0.030450764318666213
2022-02-03 20:05:00+00:00,4.015433122913207,1.639100780607258,-0.31073951278944273,1.4111733759663032,-0.9587103443142346,0.901406739720785,1.488166828154599,-0.04432029299450353,10.909473388962581,-506.57800000000134,0.03049428939073974
2022-02-03 20:06:00+00:00,-0.28691751317062986,-1.068319241471987,-0.7025675724800496,-1.0805411921833292,-0.9005240898120845,-1.4894974405960877,-1.3975814618971718,0.42056069277285746,34.15137413293479,-436.46749999999884,0.030416241514820894
2022-02-16 07:07:00+00:00,-0.3613808990529809,-0.6289973456040842,0.9365120851690141,0.1069472180729604,-0.32753341482532283,2.352933670017178,-1.0518903879426802,0.890781404576857,97.9511676066324,765.940499999997,0.19264628491674018
2022-02-16 07:08:00+00:00,-0.2728346492611946,-0.6006709922830235,-0.47144877925215023,0.0798396478669458,-1.0137503118814544,0.8311128380375451,0.9238038894059508,-0.8647019078393109,97.94896428876328,1990.1469999999972,0.19260264802253335
2022-02-16 07:09:00+00:00,-0.3446942961075027,-0.06897376913233731,0.0038496515809009267,-0.3621889011024162,-0.19116088079097943,0.989751991958911,2.2291461493461617,0.6321794416435907,97.9269746992266,3210.213499999998,0.19260264802253335
2022-02-16 07:10:00+00:00,0.011932100353258559,0.0044187233131955505,-0.3631427354328009,-0.2453915667727791,-0.2597976448612668,-1.3917458267330751,0.20860271142357475,-0.40850517947613263,97.58452432288138,4423.519,0.19262942364029087
2022-02-16 07:11:00+00:00,-0.4938599715063394,0.8809569950291185,-0.242438272399272,-0.7682197105739236,-0.56157772886171,0.9566963175520306,1.15545457432269,1.2657550634510701,97.69661694227092,5606.010500000004,0.1912284937541938
2022-02-16 07:12:00+00:00,-0.17648168265073477,-0.6374204137708998,-0.3990050546301334,-0.39752437039415733,-0.7650163087773094,0.8731695030048247,0.4443747941205884,0.6427719237294379,97.43034813439489,5228.6180000000095,0.18811050605206578
2022-02-16 07:13:00+00:00,-0.2703589654180565,-0.7298912070353183,-0.579587828383555,-0.17616028956047636,2.7282032059522403,1.097833936675901,0.018472975709787544,-0.1476446666031658,97.78086259085745,4844.840499999998,0.18786928389272467
2022-02-16 07:14:00+00:00,-0.2974082545049318,-0.7596468756893899,0.2737986285569415,-0.6863393261397577,0.36823677361777507,-0.15467892890546736,1.6193217955212607,1.8430300687362917,97.77257134157912,4461.485000000001,0.18788120485392681
2022-02-16 07:15:00+00:00,0.05957851129117476,0.352787380762653,-0.2669104751631425,1.7137859068765011,-1.0972557615687202,0.4878575120346487,-1.1030795789254333,0.4770102921566346,97.77560183723828,4089.3240000000005,0.1879725503285443
2022-02-16 07:16:00+00:00,0.9370839002601294,0.6578389277081369,-0.06243841936977324,-1.0347245699542842,2.1816016857126037,1.1005198219900618,1.2338675509709711,-0.42675086134431905,97.77560183723828,3717.6219999999958,0.18797308563561987
2022-02-16 07:17:00+00:00,-0.13482360041220365,-0.8519565788999626,1.0913700622651212,0.23623541351644364,-0.5749403561911027,-0.41666547675602733,-0.9133060585100616,0.8864819660243216,99.29918770673704,3349.6169999999984,0.18795710894271334
2022-02-16 07:18:00+00:00,-0.46385653368728424,-0.3224413629989639,-0.28053586920988677,-0.8250340556999454,0.5540072536263355,1.8387141792927553,0.10519168261369465,-1.1625706355634902,99.2972843898996,2980.857999999993,0.18795710894271334
2022-02-16 07:19:00+00:00,-0.5237463459186817,-0.23138619019990408,-0.9409964537184653,-1.1330405822159137,1.3209152153854968,1.5474328305044975,3.4594517468059363,3.3002230207657526,98.62232016271584,2602.9089999999997,0.18798102376350134
2022-02-16 07:20:00+00:00,-0.33705429748658694,-0.5937582404606327,2.310803796264877,1.0821096926293126,-0.23205247069885082,-0.22982520364024603,0.07505309359302904,0.07320176621251191,98.66798294374732,2232.017999999989,0.18796355728551287
2022-02-16 07:21:00+00:00,-0.014644723228369162,-0.277746557652706,-1.1681112693825015,-0.3260876467043304,1.2026652669684013,3.650285318744521,3.286198265907579,3.227629882582547,32.97424591642425,1856.4634999999907,0.18800139490703685
2022-02-16 15:46:00+00:00,3.81252714164368,0.9342882633777726,2.735957367074273,-0.11446431608885234,0.14377825793499927,-0.1466009001656166,0.9488445907361978,0.6788699300463026,12.675025519538863,1003.5109999999986,0.18832566968886666
2022-02-16 15:47:00+00:00,0.5616948666220343,-0.12888278666867742,-0.5433765958577543,-0.3501161827877868,-0.3066796170471295,-0.24598731121428893,-0.4978917325401114,-0.5526541771247289,13.376831920645259,585.4864999999991,0.18835322901814924
2022-02-16 15:48:00+00:00,2.1818115797251023,0.33896251218965967,0.17028027361666534,0.988398796041828,0.1525249692594588,-0.15530495922658988,1.69179929895164,1.3694054544900591,13.43691937031629,157.8585000000021,0.1883718065311772
2022-02-16 15:49:00+00:00,-0.3977721242045857,-0.22861184093134274,-0.5213834888250705,0.26319293223143014,0.3597683628208151,-0.22262186334008283,-0.21043854851792093,-0.6905418680257217,14.04695837780099,-263.69399999999587,0.18836788794972975
2022-02-16 15:50:00+00:00,-0.3752091644164369,0.024901083859320473,-0.0952743320376198,0.16702564147820556,0.12165072410497951,-0.24434882673726063,-0.6289207315844304,-0.46008263914132785,13.349686914982996,-244.3145000000004,0.007486774656806988
2022-02-16 15:51:00+00:00,-0.44732814918007796,-0.18133689156591998,-0.5698659194393487,-0.3810897530363743,-0.36721640826354673,-0.24657339651067775,-0.7220185844687328,-0.23275836674480863,12.540933899332998,-229.4305000000095,0.0074755917018478465
2022-02-16 15:52:00+00:00,-0.4354184338635257,-0.48965773616892655,-0.302923638900506,-0.42521930737406677,-0.014277165241666017,-0.25249103274219986,-0.6212616349917084,-0.699091055089947,9.52592428111518,-222.98849999999948,0.007500426577522434
2022-02-16 15:53:00+00:00,-0.4206459667270671,-0.3704038952272242,-0.26219109703520244,-0.11280576919529611,0.09600168935913873,-0.2473573292028314,-0.5776959705428755,-0.6657813885917078,9.52592428111518,-217.90849999999773,0.007519157285930058
2022-02-16 15:54:00+00:00,-0.4163092117001603,-0.208767924083936,-0.12183047936644674,-0.14457104997450915,-0.4006986817002068,-0.2490919992336341,-0.4925615163463405,-0.490321772795021,15.314535125399118,-207.3975000000064,0.007629667869737482
2022-02-16 15:55:00+00:00,-0.45050656094765956,-0.3953880737076011,-0.5288329297799077,-0.3790133015681968,-0.496621851404951,-0.26072521994097314,-0.5270299004063201,-0.4849756342698905,15.314535125399118,-197.9499999999971,0.0076437410377657245
2022-02-16 15:56:00+00:00,-0.3825419870875348,-0.4166240682089996,-0.32329076616122204,-0.19366111711185194,-0.027160334240220983,-0.22071403480094112,0.7812268439475542,1.3614529419916848,16.82940291973665,-182.3199999999997,0.007638006488213625
2022-02-16 15:57:00+00:00,-0.431603151857233,-0.36835560175196896,-0.42898982755459597,-0.3595013276612665,-0.05445100125620792,-0.16265726325471086,-0.21786972158895324,-0.32729565319132753,7.236468352695013,-160.91799999999057,0.007632603026921252
2022-02-16 15:58:00+00:00,2.195355286682127,0.9927443193729087,1.2751312207542438,0.29863396493585653,0.5783932951475977,-0.11036119641175075,0.40706739648378826,2.2602444149841423,7.705786641078475,-138.98799999999028,0.007612288166036569
2022-02-16 15:59:00+00:00,-0.5102303000338873,-0.4369370525727606,-0.4873627494226718,-0.5130477970323376,-0.3667552664533226,-0.26096326043832563,-0.5509382840950372,-0.5478482963836557,23.123630672927902,-124.44599999999627,0.007612288166036569
2022-02-16 16:00:00+00:00,-0.49592782591751,-0.4756577813975497,-0.5810143261119407,-0.32200637060504134,-0.37557524130314024,-0.2624999905647788,-0.5891415592485624,-0.6563463555608914,23.123630672927902,-109.90400000000227,0.007612288166036569
2022-02-16 16:01:00+00:00,-0.5091203476005919,-0.47904727251992946,-0.63703400336985,-0.047255787405469214,-0.39844926365455946,-0.2734693769481608,-0.6717801421523523,-0.657147462193312,18.46076961519303,-101.41449999999895,0.0076047285653715975
2022-02-16 16:02:00+00:00,-0.5308137237294666,-0.39811816045471704,-0.6269222174893464,-0.45848636877160437,-0.5661794817593048,-0.198498727760861,-0.6496995579008729,-0.7518962908716157,38.24375473126559,-78.59649999999965,0.007830492663016582
2022-02-16 16:03:00+00:00,-0.5254058571481639,-0.39957950371958406,-0.49537590656736147,-0.2323215813469186,-0.5004690881931279,-0.24797753209475937,-0.5825093337585243,-0.3252631039856667,38.63858593456257,-52.949500000002445,0.007669800630322923
2022-02-16 16:04:00+00:00,-0.5333366248859011,-0.507446393279095,-0.48133462875419436,-0.36680890191861093,-0.3082894816323475,-0.2574729108442195,-0.2719356515802713,-0.429096686919855,36.67582907935632,-30.991499999989173,0.007666837485533922
2022-02-16 16:05:00+00:00,-0.45341443841521345,0.6263641512416168,-0.45978380419932935,-0.7078906410814186,0.2524172270860832,-0.7902826434451213,-0.4761825713318408,-0.5250924600791598,37.18556589091252,-28.93449999999575,0.002672063255037623
2022-02-16 16:06:00+00:00,-0.38859081513368676,-0.2811253084039169,-0.18018061101268998,-0.3343512971654125,-1.25373583891185,-0.44815646894504774,0.06378996910882608,-0.4917323621856838,37.96607664166226,-26.397500000006403,0.0028649879989865773
2022-02-16 16:07:00+00:00,-0.3480009608526234,-0.646861062390522,-0.45040630350884586,-0.0698574084832672,-0.7794408018406874,-0.49872123704929633,-0.33373368738093007,-0.596438695079077,52.63796411240321,-24.105999999999767,0.0035520622144487616
2022-02-16 16:08:00+00:00,-0.2554789551751781,-0.5888261542942551,0.07023676693949146,-1.1082170811273613,-1.109068928115583,-0.33722687361771075,-0.35927051003932625,-0.3323484218329408,48.8481930647819,-20.552499999990687,0.0035661017579113573
2022-02-16 16:09:00+00:00,-0.11434959182885493,-0.11912101963067644,0.1679334271823384,0.5474799574357305,-0.6402956797114965,-0.39881104239034465,-0.5098704461068734,-0.33683330455918736,48.8481930647819,-14.15300000001298,0.0035661017579113573
2022-02-16 16:10:00+00:00,-0.25596475352613096,0.3722241488608591,-0.1702461930770814,-0.8936261013659571,-0.17472094021806417,0.2641264028987662,-0.4592842350813072,-0.33599222241518084,34.26305890399267,-23.482499999998254,0.0047512960599086895
2022-02-17 02:58:00+00:00,-0.2500497835884137,-0.25501736950216103,-0.5835254537560556,-0.827906338457821,-0.9744274857123973,-0.3706850837553394,-0.7684537644804255,-0.16905968332863153,71.97530608868247,56.1675000000032,0.013318675039163362
2022-02-17 02:59:00+00:00,0.08516370971143787,1.9649628847372602,0.21288421294378818,-0.65767590971879,1.2335285742656514,-0.3438675328501635,-0.5411235809076487,0.10634854999808305,71.94703438010346,116.18049999999494,0.013206432768570983
2022-02-17 03:00:00+00:00,-0.2263080127628951,0.9176683692506425,-0.44539895350661696,-0.5106640146666196,0.5180243794489957,0.8865410983466864,2.9874341768413033,0.339918183007021,71.94703438010346,174.0575000000099,0.013206432768570983
2022-02-17 03:01:00+00:00,-0.22646894639553453,-0.12341790991173088,-0.21588839839990662,-0.8888581765360366,-0.861736954142727,0.3518330182943111,-0.2504535220665798,-0.03648680641080337,72.01587956279606,234.1385000000082,0.013207366102952303
2022-02-17 03:02:00+00:00,-0.1939812871974707,0.8855841696883138,1.0982789768311332,-0.37407170924333494,-0.3970079667605298,0.31128789733530887,-0.1578236934218473,-0.5283034866985175,75.14228845015872,322.1595000000016,0.013207366102952303
2022-02-17 03:03:00+00:00,-0.2638729566491508,-0.37886756163388835,-0.21567589117089048,-0.2797749134688719,-0.5549532467978557,-0.18343570646301466,0.4915971227141433,0.03993884962593221,73.30097648350363,303.036500000002,0.013207366102952303
2022-02-17 03:04:00+00:00,-0.2598374533905481,-0.6242801211330593,0.5992607719671922,-0.2601606019033244,1.4658165744243894,-0.32320153457620066,-0.4640323365345608,-0.2264346857998638,72.86874388066573,281.48649999999907,0.0131524005595305
2022-02-17 03:05:00+00:00,-0.05735591772681402,-0.25961485068239865,3.3456908578012494,-0.14403170731146336,0.08121491201871028,1.127353195310633,-0.2984183683941915,0.007733278481935999,73.68525269938166,259.24499999999534,0.013156863634482418
2022-02-17 03:06:00+00:00,-0.1817548457663438,0.7140157803376814,-0.21721048761723455,2.7125903639864775,-0.051530013921530456,-0.7580287735428333,-0.47531382829673136,-0.7385096311566987,76.17150694734333,237.43499999999767,0.013152330681707111
2022-02-17 03:07:00+00:00,0.21930759285764248,-0.5807986095547744,0.9575564994995305,-1.000715479728805,-0.3340187962813445,0.8900918392990937,-0.35678160210973725,-0.2058033961731445,78.44500399189297,211.6800000000003,0.013189039248403076
2022-02-17 03:08:00+00:00,0.672085852326313,0.41563674433381814,0.4266788687132783,-0.7874140216304625,1.7610196296616998,3.484347354499182,2.769207481262505,2.2934065906691083,75.97080731733986,183.9074999999939,0.013119305546047873
2022-02-17 03:09:00+00:00,0.0731684981169383,-0.1577717923029565,-0.8309605884885418,0.181901334400821,-1.0382754916247066,-0.24541907820149783,-0.22706771937688797,2.0815189077344773,75.61419598688182,160.23999999999796,0.013087167695237194
2022-02-17 03:10:00+00:00,-0.46690857243725165,-0.8405918059324209,-0.43854405624787685,0.7560219561255765,0.8357534318448507,0.3623034477251448,-0.09576364465520916,2.0643528867243783,75.61419598688182,137.57949999999983,0.013088442568285195
2022-02-17 03:33:00+00:00,-0.0782456665366706,-0.606680192131196,0.4537327852845451,-1.0208396480603876,-0.750909391423975,-0.573728538540933,-0.41794626798788886,-0.18091187535132497,83.0281668650245,101.68149999999878,0.013245432925220856
2022-02-17 03:34:00+00:00,-0.7335606714761445,-0.8234705079267771,-0.33708517307095787,-0.6254787304574876,-0.18331195811844536,-0.057526934785524966,-0.5096217178444612,0.3375571184601205,20.150753768843586,72.68299999999726,0.0132072798028338
2022-02-17 03:35:00+00:00,-0.44962661941832355,-0.8712303410812821,-0.3021926956145951,0.39518618091755564,1.1424262962240606,0.8136628117888897,-0.2807087615794587,-0.37385539810900564,20.205873884248902,41.15450000000419,0.013112628860115707
2022-02-17 03:36:00+00:00,-0.49545612047237003,-0.46788844954556424,0.07795843577417652,1.4909096748801483,-0.29332577606974447,-0.6402587024212396,0.06872741825738644,-0.7060659994769937,17.830146731880617,11.040999999990163,0.013047603811995125
2022-02-17 03:37:00+00:00,0.5776636594306265,-0.23957348505281711,1.3895888163608712,-0.30202792641803544,0.08117956616738407,0.26058040621138545,0.23542226873547875,0.0419510415404525,31.912205905572947,-13.297500000000582,0.013054616025032
2022-02-17 03:38:00+00:00,-0.1921601829093077,-0.679854412910193,-0.6773609882446288,0.8386145033971463,0.0686920441055842,1.230093098711379,1.1120185928989443,0.8043959194530043,23.489984890162702,-32.76600000000326,0.013193177761486714
2022-02-17 03:39:00+00:00,-0.5765989029487546,-0.9690642823943201,-0.19967275685321362,-0.8934625590736277,0.9286099761661074,2.1345786662979127,-0.05897488251286707,3.107737627153205,22.949392482682356,-64.0595000000103,0.012681239291414044
2022-02-17 03:40:00+00:00,-0.5787896737451546,-0.6743610216306738,0.06636501823520036,0.8055426945593566,1.2644792742171802,1.1166594800940843,0.8695302828643474,-0.7628046166600584,23.347067657591182,-68.56700000000274,0.002569628164292721
2022-02-17 03:41:00+00:00,-0.7870786124140127,1.6877402275078586,-0.255052968166814,-0.5320775346859286,-0.7793824804389298,2.5632622811967014,0.1561535209676664,0.2827898567750801,18.626728110598677,-79.95449999999983,0.002940548933426249
2022-02-17 03:42:00+00:00,-0.011227072832402223,1.2155925450004947,-1.0595675241206088,3.3763053803730627,-0.021061998755245972,-0.3104760957945358,1.2555805803174915,0.4861673113375665,16.933482253659633,-98.76050000001123,0.0029356365381553434
2022-02-17 03:43:00+00:00,0.24957674113508016,0.33385595975960597,0.19388797137281832,-0.08483491427962422,0.6787599421921908,-0.4779688227250009,-0.45725298507584505,-0.895461086059892,18.43794338220269,-103.8234999999986,0.002930356262419018
2022-02-17 03:44:00+00:00,0.3276488835415623,-0.07188806934261471,-0.6896249283597145,0.8252879458583215,-0.5233975344780025,-0.3823310648910433,-0.1679070526166057,-0.21376832274571964,16.386453704814627,-113.22950000000856,0.0029774028868904466
2022-02-17 03:45:00+00:00,1.391572773015521,-0.6072923005848363,-0.8878937444099151,0.4888215224680913,-1.2966369084825964,-0.8954900909640846,-1.0539645657312795,-1.100124426667504,30.397620773247525,-112.57799999999406,0.003484391742921412
2022-02-17 03:46:00+00:00,-0.34948379562401805,-1.1192724402121417,0.12597195798955566,-0.556970091525486,-0.021624676199994756,-0.23931011022672913,-0.5609585626773805,-0.8497705370798205,28.994731698013553,-100.97149999999965,0.003489678223793382
2022-02-17 03:47:00+00:00,0.6541667407067201,0.5361976418958264,-1.1788820764171886,0.16251941009764884,-0.6927826788995942,-0.4055538308694076,-0.37417949857466687,-0.9898200072813016,36.82147422241151,-87.8214999999982,0.0035122175534103755
2022-02-17 03:48:00+00:00,-1.036136258629927,-0.07965610086541708,2.162027349574728,-0.7336118295613772,-0.29393622064494057,0.4585609721722271,-0.39772553435006974,0.1646246428337463,37.80027405687967,-70.59200000000419,0.0035848181730115812
2022-02-17 03:49:00+00:00,0.5095894112043072,0.37086274407719355,-0.34297013158824186,0.3295276718942247,-0.3754516328914495,-0.7678731173490034,-0.5026580180826695,-0.9075053062626742,37.80027405687967,-47.26550000000134,0.003563494062884586
2022-02-17 03:50:00+00:00,-0.4187108554746874,-0.45616928665488965,-0.6808708556963111,-0.7480419008624757,-0.36169540983680615,-1.0154320539333759,-1.0808424196714066,-0.5193522208155226,40.074058835629366,-37.1704999999929,0.003564903919333561
2022-02-17 03:51:00+00:00,2.306435754132318,1.4651128873746193,1.4660666843792851,0.15559169579647025,-1.2047542035276446,-0.8287813902676688,-0.7528469635711316,-0.05886554890311107,33.21651983100175,-23.20350000000326,0.003564903919333561
2022-02-17 03:52:00+00:00,-0.27099792231835407,0.11186363965186187,0.01607055336230077,0.7586802840700461,1.485842248230632,-1.1403600152968076,-0.2876905688845205,-0.4743406938024506,42.75536444500551,-10.83650000000489,0.003564903919333561
2022-02-17 03:53:00+00:00,-1.1895686469178268,1.2513658691746559,-1.008909911990887,-1.0957568078185331,-0.3582355325537256,-0.6142669070192729,1.3945705898793983,-0.2970947611641487,32.36739643837264,-19.60899999999674,0.0036413187197163123
2022-02-17 03:54:00+00:00,-1.0053999180350732,-0.7888935117457258,0.8517987925373287,-0.5980917721259686,-0.7553819425848026,0.0022915944448461383,-0.3223515082384616,0.30724713860048813,37.30177514792897,-23.700500000006286,0.0036638278749751667
2022-02-17 03:55:00+00:00,-0.28765528545283253,-0.41023238299381215,-0.24404159918849527,-0.49950839986660533,-1.244081013053903,-0.5216802351141917,-1.1831427886471855,-0.4025188116003992,30.861115190678134,-49.17399999999907,0.0047660667362911
2022-02-22 01:24:00+00:00,1.3403720771324041,-0.594288079608705,0.17704672406157435,-0.7595494579896312,1.4117101734875015,1.896042541219388,2.7833760859514602,2.3263267027276076,1.7650031567909394,-1086.2219999999943,0.16748355791997285
2022-02-22 01:25:00+00:00,4.2463028574070405,3.2786098619741075,3.5185836773695205,2.4148503413488744,3.135050042981955,0.8903024221772221,0.34813194429731215,-0.38644752489403855,2.966623754284825,-2108.254000000008,0.16758650862314353
2022-02-22 01:26:00+00:00,0.8470349864872747,-0.06222417157905978,-0.4418443590944899,-0.23964344178584282,-0.651663263776322,-1.0165045576146208,-1.079933564633718,-1.030234807026779,2.9611124529863417,-3124.8280000000086,0.16759480275137761
2022-02-22 01:27:00+00:00,-0.11637043541781214,2.858533501851724,0.21049880078554078,0.22437883850841636,1.6125297001214516,0.21306326410419774,-0.43842634583548656,-0.6952104622913425,2.0437517234498443,-4152.4024999999965,0.1675492551303874
2022-02-22 01:28:00+00:00,2.8417883503134522,3.8096535478325015,1.2321469251318997,1.1894666999793968,2.8336929314014547,1.1143882502821714,0.5645465138466079,2.2326756128626615,2.0454636860506383,-5153.783000000003,0.16753002670213682
2022-02-22 01:29:00+00:00,-0.22957956935551227,0.3739607187621734,0.8158563001811024,0.01237709394665533,1.6240276404620788,0.39532832438457455,0.6026754728670579,-0.6991710465031044,2.5902919905335153,-4803.902999999998,0.167684679144197
2022-02-22 01:30:00+00:00,-0.41074777155384296,-0.475372109562784,-0.8042931556741546,-0.9923919285257863,-0.6500131214375198,-0.947257760126805,-0.3864896094656772,1.7082284916853392,2.238838843248246,-4477.669499999996,0.1676353392308492
2022-02-22 01:31:00+00:00,0.45000124866301056,0.8628409155876532,-0.23489879020773138,1.0174531418884205,0.09638084463436561,-0.38698623121221953,0.11898774363866071,-0.12358802143100227,3.386316516931558,-4128.389999999999,0.16777724641506986
2022-02-22 01:32:00+00:00,-0.4455914938326375,-0.49071936397475024,-1.1348053454374947,-1.0214413448165713,-0.7820654764616293,-0.4374667179036031,-0.7851094271299718,-0.3218570380566249,3.3706733863341185,-3773.277500000004,0.16781977792236366
2022-02-23 02:31:00+00:00,-0.42980193793768795,-0.5775828421936141,-0.30280615902731156,-0.1329537253381647,-1.1232866687263263,-0.5613775932852205,-0.561376921113643,-0.15754540840376577,12.545593809339678,-3296.491000000009,0.1700835414331684
2022-02-23 02:32:00+00:00,-0.4354021928833483,-0.6474334398042783,-0.7577510795685538,-0.9115078675434305,-0.9290754095360082,-0.5254755504930148,-0.20801212100585173,-0.7560571396796433,12.46357379319457,-2838.3545000000086,0.17004402937925692
2022-02-23 02:33:00+00:00,-0.44664289999378337,-0.4414509990676568,-1.118623141937445,-0.6184602333540847,-0.22928902720894812,-0.5441872788439878,-0.543130897110791,0.287640237221268,12.585221833095531,-2372.5499999999956,0.17003151126686708
2022-02-23 02:34:00+00:00,-0.4342010671682756,-0.6514193099927237,-0.5390673278130805,-0.7114290290928679,-0.9726323243798712,-0.7952850917706361,0.5271164481892622,-0.36209871409585664,12.605194580641879,-1918.7660000000033,0.17003799296990665
2022-02-23 02:36:00+00:00,-0.4494749938989923,-0.6212976391486386,-0.7688983863001453,-0.8420764472987797,-0.861645782003135,-0.37830716735523423,-0.5445036322573865,-0.6154664241658917,12.727503993595192,-1474.4544999999998,0.16996833626932362
2022-02-23 02:37:00+00:00,-0.43984015676668076,-0.5032123831258635,-0.471540911606396,-0.8627558920479443,-0.7091906758610211,0.6706606110458707,0.23639156189745106,-0.6907133811876107,80.49714336992663,-1175.9219999999914,0.17004315500742648
2022-02-23 02:38:00+00:00,-0.41261076623208565,-0.4936039285242875,-0.9116235797829754,-0.3260510405894994,-0.1818517448178972,-0.006229830148312618,-0.35921937061072196,-0.006219365366007068,79.73077999191776,-861.0164999999979,0.17009288115018914
2022-02-23 02:39:00+00:00,-0.42756517746036093,-0.5222531588783207,-0.5396137320212708,-0.4025813730313181,0.09475266901193759,0.28198868968319085,0.12501604934869104,-0.4948051675466204,80.5104299100627,-551.1800000000003,0.1700492306936946
2022-02-23 02:40:00+00:00,-0.38429896076625425,-0.5010737096061387,0.2533889103188138,0.1204618725563835,-0.07707171137343366,0.18812578147107192,-0.36048068521802257,0.08070511925246147,83.02028732285011,-250.68849999999657,0.17012570908040303
2022-02-23 02:41:00+00:00,-0.4334253371699901,-0.4277029088616938,-0.18295373636748685,-0.6468328412399884,0.04623747015701163,1.3579756693774592,1.7663254652855285,1.501811889073312,83.12046973071476,61.891499999997905,0.17008459702034842
2022-02-23 02:43:00+00:00,-0.21202770832989992,1.0963015584748046,2.3103512781858124,1.2656466229518313,-0.31956314185825624,0.16730853055696274,1.863176641350731,-0.21453283421164732,73.04721927610053,333.39549999999144,0.17006489414656945
2022-02-23 02:44:00+00:00,-0.4378120235790369,-0.5800984026105539,-0.8211691748116435,-0.6135378677849518,-0.29654776296570395,1.4663886224277705,0.8181931771458846,2.0455472291512296,76.41459700093718,270.28250000000116,0.021851281164743327
2022-02-23 02:45:00+00:00,-0.3847001917376997,-0.562151259161114,-0.46556950818707915,0.40177217701905193,0.7233172015949545,1.3668271267210796,0.957279628994377,-0.8679666929061763,75.04299992252254,220.88750000000437,0.021807184111233845
2022-02-23 02:46:00+00:00,-0.32809905277948953,-0.5368207695212706,-0.7844477515304625,0.33241629030186254,-0.8355837516792022,2.4796793751783897,0.15076307155074195,1.5857526721724549,75.13719618089043,169.60999999998603,0.021697515795333442
2022-02-23 02:47:00+00:00,-0.3308700504026996,-0.28860954997160926,-0.1675374313858835,0.24241620336475864,-0.48012707917613207,-0.3170557623267326,0.105280060282182,-0.2414164275441211,38.590002669004825,118.77699999999459,0.021622664465784425
2022-02-23 02:48:00+00:00,-0.38243213651729674,-0.20209140136599482,-0.38879816677957485,-0.4683511175619451,-0.5494750033213581,-1.1659222728791294,-1.309598268520575,0.23904134029077598,42.96752281893418,97.76600000000326,0.02160200848918143
2022-02-23 02:49:00+00:00,-0.2951341217660743,-0.2474252158747701,-0.6009830644250824,0.2194823028235535,-0.08903946256609375,-0.7548529597520166,-0.8036613122699696,-0.5216045241008308,44.23860533501366,67.27350000000297,0.02161327640333492
2022-02-23 02:50:00+00:00,-0.22109620796838272,-0.277688945098944,-0.45850851038398627,0.8835104123640898,0.652167326801003,-0.1312386555117827,-0.12425363512684119,0.1615745689773318,42.70421927268897,34.66400000000431,0.021521708209639837
2022-02-23 02:51:00+00:00,-0.37994952514270225,-0.42192510282858003,-0.18020054344859823,-0.6674026621539861,0.30862533483841303,0.052639864964501036,-0.5992137124639818,0.8664379049673826,51.58758643791979,8.05000000000291,0.0214823481410812
2022-02-23 02:52:00+00:00,1.3892495798760285,2.348129514446264,1.173209125390346,-0.2538738854091203,-0.5195962684181811,0.1673674000329663,-0.36490240793669293,-0.8198275917192941,45.379693869286804,-17.317500000004657,0.021473471538387502
2022-02-23 02:53:00+00:00,-0.323742967543604,-0.10516350343084183,-0.034657274840314015,-0.6629976079905675,0.03443601118525013,-0.01662414799195231,0.6166975170985269,0.981215045730591,38.57206339801524,-4.885500000003958,0.005569980045451932
2022-02-23 02:54:00+00:00,0.2857336947649945,-0.24408238427463608,-0.21731569735011066,-0.4586105228814388,-1.2392423888798993,-0.4331446020803955,-0.3436930343685698,0.21357840205676837,43.473905639588,3.2344999999986612,0.00539533290490218
2022-02-23 02:55:00+00:00,2.030848903964521,0.9239879777911059,0.5413557931737099,0.6306816493837403,0.4373197918657511,-0.1418602668177233,-0.37299298190860547,0.9469343464345243,43.38884430176552,8.44249999999738,0.005395106276248286
2022-02-23 02:56:00+00:00,-0.6616540956335749,-0.32563016625544655,-0.20743169032354955,-0.2885882317414499,-0.6659494993625782,2.771917582106878,1.009952916805205,1.4160703344944405,41.19701539927011,7.269000000000233,0.005382206027925695
2022-02-23 02:57:00+00:00,-0.5590671503467725,-0.5112722135371107,-0.4018437548320513,-0.025407107727448325,-0.3708880333452319,3.5141104566681673,1.8208053303677634,2.6178931019951843,83.56741573033915,6.8034999999945285,0.005215404228827793
2022-02-23 02:58:00+00:00,-0.33411450850225477,0.2513251287547602,0.20820399779838789,-0.3827256520595331,-0.32183489150781547,2.7183568155116884,0.07875167740614195,1.8987640641417884,77.60000000000136,12.011999999995169,0.005002063960242667
2022-02-23 02:59:00+00:00,-0.12455870471863796,-0.12176240476457809,0.41604154858757286,0.5044880932205091,-0.3200678881348404,-0.2752403453984809,-0.9036521887215175,-0.18623048392698563,76.09631521342882,19.418500000007043,0.004885393839634209
2022-02-23 03:00:00+00:00,0.5481900901327454,-0.1817857459943778,0.11131224959615388,0.7776683427124323,-0.36388933946107954,-0.5833120765936649,-0.8923659849461156,-0.8801382236415976,73.42838147299958,24.440499999996973,0.004785023095029447
2022-02-23 14:13:00+00:00,4.185389459424986,3.9319155176359493,2.766381886944904,2.109833722124059,3.9431540929621347,1.0675210534226207,1.8561376824899263,-0.9646609954982732,97.14453556033618,203.68099999999686,0.029807304397998818
2022-02-23 14:14:00+00:00,-0.23181592452914343,-0.12369253978439652,0.36209264231492466,3.4508568660222814,0.9945594040326655,-0.7822944487744723,0.2873347085235249,-0.9994465485900333,96.12882953652797,372.963499999998,0.02980913203620979
2022-02-23 14:15:00+00:00,3.36245327147602,-0.3526798999183819,-0.5483355868280461,-1.1395374504653308,-0.9591796955150024,-1.0317066081142205,-1.6773570958830615,-1.4928705498990096,96.2220177859553,538.0580000000045,0.02925125421605386
2022-02-23 14:16:00+00:00,-0.29085188050484223,0.31226396952400326,-0.1884983430479068,-0.9645166292050569,0.4587123224910465,-0.6284507629315915,-0.6458308202412717,-0.9123923937994735,96.1817392921342,706.0304999999935,0.029300210146491274
2022-02-23 14:17:00+00:00,-0.008157313203870673,-0.33916000977521793,-0.4956605350563792,-0.6417420579849586,-0.7040204825014954,-0.868637317715234,-1.1615019958015242,-1.2049757157709258,95.41867465181926,873.7854999999981,0.029330740731274726
2022-02-23 14:30:00+00:00,-0.2830694469639825,-0.17717423661383633,-0.36087111770559815,-0.12654209317370557,-0.16378064395527253,0.34545354737848516,0.4791208497499779,-0.8020027668722406,95.77198209479397,834.2414999999964,0.029320194681470162
2022-02-23 14:31:00+00:00,-0.3662441550739028,-0.12414300613119406,0.7186610014537184,0.09803656124736645,-0.5388403985165986,0.5233554332555096,1.0316054750569676,-0.48718720846411223,90.6180842588369,784.7519999999931,0.02953273398037273
2022-02-23 14:32:00+00:00,-0.3713280399293141,-0.13289120579037855,0.4080044379634732,-0.482606557259926,0.3677384765568768,-0.5067031164333765,-0.6407982069623827,-0.8451641357428835,88.02918452664439,720.8639999999941,0.029617594092120798
2022-02-23 14:33:00+00:00,-0.39664188010228024,-0.34833111249277876,-0.7572956354593872,-0.44647227653055027,-0.43087255279494074,-0.4759840206678655,0.5635049711371539,1.338661367692933,88.71694795842654,671.2084999999934,0.02959311127752176
2022-02-23 14:34:00+00:00,2.107001509311926,3.13977377663418,-0.023307325603097975,2.872952590776278,2.7023978009706324,0.04156890601364797,0.18911142368738565,-0.4806399209935723,90.44915106335222,628.3634999999995,0.029578664511565565
2022-02-23 14:35:00+00:00,-0.44733356317522777,-0.5411636072341157,-0.7941610987495527,-0.5050027913089269,-0.19243591844364522,-0.5149470048755488,0.33835549227415496,-0.7916510199772959,83.7918061439106,545.260000000002,0.029945559361578934
2022-02-23 14:36:00+00:00,-0.26774736396954324,-0.40268217866771044,2.12585376418412,-0.2745399642319296,0.0002846582807846134,-0.636276009381734,-0.34957830649570304,0.2772533565163879,83.67058233650857,479.38200000000506,0.029956350553335828
2022-02-23 14:37:00+00:00,1.966994455164826,-0.11218903625772268,-0.560615375856037,0.886705915323799,-0.25832268515610807,-0.39041598634403596,0.4253398745256108,0.5592351239873746,84.1153620596549,429.2305000000051,0.029908919211298488
2022-02-23 14:38:00+00:00,-0.5237634347940556,-0.012859774396200807,-0.9869151452397988,-0.747862543432725,-0.3794745799617727,-0.5267673521105223,-0.6695445679941008,-0.4932800210381151,84.60390767811487,366.200499999999,0.029871573161216972
2022-02-23 14:39:00+00:00,3.585787689279845,-0.2076780427083806,2.701908749648267,2.651943898482989,3.3469088506125897,0.10970270142864881,1.0663461965941852,-0.25821685060445865,62.03928616559748,309.60750000000553,0.02982549697496276
2022-02-23 14:40:00+00:00,-0.19014997390486021,0.1664697691577702,2.4335702437005766,2.1983746630335186,0.5351475064566791,-0.2012320143465437,-0.8011578101224386,0.038783761349410896,57.97491274568947,266.2094999999972,0.029915343348776494
2022-02-23 14:41:00+00:00,0.7320597672003736,-0.10080603166808871,1.9751582488105204,0.08217637802023325,0.3282586320838226,-0.3726950988597626,-1.1493185569395945,-0.6979449274294419,51.12805846838257,215.02249999999913,0.03009462391529519
2022-02-23 14:42:00+00:00,-0.5203262004911899,-0.05851493549029308,3.26637381085468,0.35667376497196823,-0.18231229368430538,-0.6364334410726672,0.9213936382895546,-0.22686560168907915,51.33650584721321,155.18149999999878,0.030106017966841234
2022-02-23 14:43:00+00:00,-0.193901947881077,0.07214651269805926,-0.5232533952550085,-0.5372759001431469,-0.7475626718490693,-0.7677088284332031,-1.0239227291036361,-0.5884410330393262,54.36480895595058,94.21199999999953,0.030070927098692548
2022-02-23 14:44:00+00:00,-0.382307105385151,-0.3364277149327843,-0.3701965040735397,-0.603719804799691,-0.15694664605808495,0.46352903250359634,2.984444390793674,0.6880913453080646,45.553294467055444,13.839500000001863,0.030100756081430223
2022-02-23 14:45:00+00:00,-0.5480573472023438,-0.34279166385281,0.27127811511433453,0.9366521885260556,0.06447789837442146,0.8449183015201076,-0.22207294056822857,-0.39120631318487725,55.95266673256383,12.072000000007392,0.007064451178199012
2022-02-23 14:46:00+00:00,-0.5303156304874642,-0.3861600288959633,-0.02093694536769074,-0.19799558746777304,-0.3353645451260667,-0.4465025880719864,-0.48246768699805054,0.8523269367427911,55.95266673256383,16.00250000000233,0.0071639868391352056
2022-02-23 14:47:00+00:00,-0.48762801924892263,-0.2495383175050469,-0.5922523583516429,-0.25117703697627536,-0.4346857499018141,-0.18527078359087065,-0.34124616543440267,-0.015109129370465022,46.587409801908805,15.732499999998254,0.00717696699030023
2022-02-23 14:48:00+00:00,-0.49417197798129275,-0.49247223752821384,-0.7399388090908989,-0.7687689806502024,-0.41285360859711484,1.149624761328096,1.5007065567372768,3.0596311986161133,47.56662455633766,13.289499999998952,0.007246580401064667
2022-02-23 14:49:00+00:00,-0.436105104341864,-0.4832718047457726,-0.49654841915360076,-0.5962775137969857,-0.583587204509228,-0.505277910800847,1.521174613788445,-0.542293991352527,58.21895245415582,14.839000000007218,0.007238481777201871
2022-02-23 14:50:00+00:00,-0.4577802471107259,-0.3414978589041483,-0.058521965928736555,-0.6875067089500585,0.4205919478112691,0.5171613185365067,0.6621871026635353,1.7746669254608405,50.0,-4.298999999999069,0.006956030186419133
2022-02-23 14:51:00+00:00,-0.44202146682162985,-0.4207639170685018,-0.49258023294883607,-0.4208658797228923,-0.19536666370993291,-0.019087729965780613,0.2586992588772375,0.33101029912149177,44.88145653406255,-20.872000000003027,0.006636079988702805
2022-02-23 14:52:00+00:00,-0.45388527482955837,-0.5190693683724469,-0.5808137623368032,-0.8348964267929557,-0.5584700065177701,3.669321906165807,3.5598378064842784,1.7910545127167057,39.42470963798134,-36.18499999999767,0.006578015306050269
2022-02-23 14:53:00+00:00,-0.4477949323873501,-0.45118771198381175,-0.7834740162389325,-0.8350206954134358,-0.4581481167395163,1.139520801518311,1.846962708279048,-0.35321435057684325,30.986051730476277,-53.6929999999993,0.006077342606175633
2022-02-23 14:54:00+00:00,-0.40374236784716794,-0.5831380683829702,-0.645070031176065,-0.49123112359050475,-0.704979977461464,2.34443947936475,-0.41967529895571803,-0.016190970145912097,27.80391271894159,-88.51950000000215,0.006694403381578714
2022-02-23 14:55:00+00:00,-0.40448362181542874,-0.5034404503775455,-0.7031512280225277,0.26538515173301364,-0.5403401804836026,1.0988103750034028,0.3014546631320379,0.5860272231742406,33.4902984227853,-108.86099999999715,0.006073741744834649
2022-02-23 14:56:00+00:00,-0.26688433248613624,-0.3533081203862393,-0.14931267970766887,-0.09420511069188488,-0.2669448640049693,-0.24552021274151872,-0.43621186792321376,-0.2892029828145066,31.911532385466458,-129.55400000000373,0.006078671603299924
2022-02-23 14:57:00+00:00,-0.3216331007630227,0.03407401268642942,-0.6754165605078211,-0.8936508917801581,-0.3648580506825766,1.2256748093754524,-0.7467597553805738,0.03784407537712012,26.343818929714516,-142.57050000000163,0.005887909574800231
2022-02-23 14:58:00+00:00,-0.21819150120906736,-1.2232497844794339,-0.42308720329561084,-0.6848045551437184,-0.27837331205990323,0.49509517235815026,0.015889204108419784,0.4664735891925296,27.488181139587653,-155.43449999999575,0.005756773405402578
2022-02-24 13:56:00+00:00,1.887551975956273,3.697481128458441,0.24736040839287443,0.04519865974396393,1.1586769802412806,-0.4381017453751632,-0.7900661319313378,-0.8046566745047948,1.938939045123547,-600.3910000000033,0.0824752907156464
2022-02-24 13:57:00+00:00,0.20880543754139702,-0.3153914054062135,-0.2213216680552685,0.31309179797417347,0.06337334897098179,-1.0456449871836009,-0.8135337067550688,-0.8396829698155946,1.9564223766353024,-1053.6964999999982,0.08253332653593912
2022-02-24 13:58:00+00:00,0.26710741071901345,2.1270851687585757,-0.5954155710995038,-0.28170478367080354,0.5181472996493159,-1.206100859914849,-0.3497742077715988,-0.749973707931087,1.9683400807361409,-1508.7855000000054,0.08258580825126126
2022-02-24 13:59:00+00:00,-0.44499953360956196,-0.1483518514417049,-0.3605005993880506,-0.06056217120582277,-1.1897328790186543,-1.038429112068463,-0.5825516263098095,-0.8740216796753538,0.7811895294802298,-1977.6199999999953,0.08247460966393692
2022-02-24 14:00:00+00:00,1.4020652048295585,0.4928913690526218,0.3866004338717824,-0.39419952375493944,-0.852185320051343,-1.1309791253001442,-0.6631585557663736,-0.5030035716605997,1.907145347206125,-2438.114999999998,0.08248341824098915
2022-02-24 14:01:00+00:00,-0.11839364253551429,-0.3050517153028978,-0.999797309346805,-0.04609566607723102,-1.4314831051224082,-1.0761016141946753,-0.6112936586626738,-0.9231531486316091,1.9478094741871814,-2287.951500000003,0.08248774270918108
2022-02-24 14:02:00+00:00,-0.12634098187056061,-0.3723824874604838,0.16881408217807897,-1.241878578254684,-1.303901753894108,-0.8365690817698285,-0.7464277147560593,-0.8662693463521243,1.9500221692223931,-2133.4194999999963,0.08235818070745829
2022-02-24 14:03:00+00:00,3.743703017367068,1.4286579665456636,3.9630373195317143,2.0323677640915956,3.969175478514152,-0.08966275843439132,-0.7464554856025557,-0.9282829252723594,1.942148283266988,-1983.912000000004,0.08235718577717986
2022-02-24 14:04:00+00:00,-0.3919480784211941,-0.21714858792750735,-0.14248191007559285,0.02647553247212604,-0.3186798586593071,-0.6747867922716903,-0.8756293927889095,-1.009678430042998,2.8370173567121526,-1811.627999999997,0.08248202787667225
2022-02-24 14:05:00+00:00,-0.09221350613431828,-0.10518982906335561,-0.4172792188970322,-0.05774902267347291,-0.3762425081957714,-0.36618961555522184,-0.5947645595209096,-1.1259447928187736,4.208919164768176,-1638.9959999999992,0.08249801207078963
2022-02-24 14:06:00+00:00,-0.5156179197640064,-0.5223999029884139,0.031142177608694404,-0.4105850329492704,-0.28563962773462126,0.6805328349470986,-0.48132455479577263,0.7238385740535564,7.097409247056319,-1444.5570000000007,0.08276771472441184
2022-02-24 14:07:00+00:00,-0.4112308087071593,-0.24062503543462796,0.5203631948108268,-0.5547325019110413,1.7454383200594077,-0.571162156234287,0.18438414467711073,3.02420483042334,8.840566320345687,-1243.0634999999966,0.08297956548138867
2022-02-24 14:08:00+00:00,-0.3984396477000647,-0.5363745550026406,0.22706005804394722,1.3547432068769887,-0.26327810511900185,0.024354493180314275,-0.37585450194243086,-0.4018885993565145,8.625097649314782,-1047.550000000003,0.08290218244580361
2022-02-24 14:09:00+00:00,-0.47374668888893917,-0.6493880649536914,-0.45366862700316174,-1.2955415457337676,-0.3107116493219154,-0.9109439699131517,-0.16085540436946108,-0.33325526097569264,8.625097649314782,-861.4239999999991,0.0829356336416894
2022-02-24 14:10:00+00:00,-0.3854360803626829,0.17431081566701861,-0.4032395128356703,-1.3895841335989374,-0.5926084286070661,-0.9282812751572636,-1.1862911724857814,-0.5378671230111501,51.93756373564959,-686.4490000000005,0.08289848056039642
2022-02-24 14:11:00+00:00,-0.4888816646611737,-0.7977634545156657,-0.5597691006274219,-0.14267078375871609,-0.45890669928130284,-1.0332556997729552,-0.620093826988924,-0.8735824881715248,54.85393873966772,-538.5375000000058,0.08304192532392363
2022-02-24 14:12:00+00:00,-0.5590635380942265,-0.7915879752834393,-0.6164973290018164,-0.7663074899823817,-0.1473972597875738,-0.9160379992497194,-1.2396234017485233,-0.1681306966529201,56.28502934611872,-402.89400000000023,0.08301806519540927
2022-02-24 14:13:00+00:00,-0.3585919329220417,-0.8103141061312372,-0.35494779302876334,-0.8110526735541045,-0.5976058358476056,-0.4887162977391932,-1.142897885111706,-0.6460967347901142,59.866003130110435,-258.8400000000038,0.08297513839793029
2022-02-24 14:14:00+00:00,-0.5191873082083819,-0.7243001663025908,-0.6799022316142462,-1.056985309899708,-0.5200796696476078,-0.6445407482049464,-1.172481877749076,-0.5909929350472122,50.492135971588006,-124.46250000000146,0.08289943808190994
2022-02-24 14:15:00+00:00,-0.5186546509754807,-0.6406204106865458,0.12065810579470372,-0.3867685494026179,-0.4314814953154468,0.09622264380186277,-1.108364022022274,-0.5903386667081152,45.59838719530821,1.4859999999898719,0.08280895329887765
2022-02-24 14:16:00+00:00,-0.38982372528977505,-0.3923412971998436,-0.37321097345388515,-1.1567861821308874,-0.5919687518447184,-0.6322498851702948,-0.9441575768827234,0.05679246085307976,42.7246708643388,-38.920500000000175,0.007009042421366532
2022-02-24 14:17:00+00:00,-0.41208706344062307,-0.6538667700914311,-0.5233150428103037,-0.7807317803169281,-0.40656628377504034,-0.5298286639101152,-0.6849399981361058,0.026640811276700985,47.93760030072152,-74.97649999999703,0.007114010491920944
2022-02-24 14:18:00+00:00,-0.37092329062691354,0.3376221937495639,-0.3032767489754284,-0.11153265380586894,-0.16234454403759846,-0.841364683443352,-0.1700937195347005,-0.15333133410420938,43.45950625391803,-103.31199999999808,0.0071172510562969955
2022-02-24 14:19:00+00:00,-0.35603516486951003,-0.6328170080767584,0.13646830914508207,-0.6702618278141745,-0.10927221545036704,-0.38800581662477057,-0.6973168892749204,-0.008013123715700947,39.41754094165769,-123.38349999999627,0.006661842917275426
2022-02-24 14:20:00+00:00,2.7870955524118353,3.5422510999346377,3.373287747563395,3.934343557570228,0.338472807218922,2.6635053610538613,3.972451771272098,3.4399201089350884,25.909482084181164,-124.05399999999645,0.006538338461560656
2022-02-25 01:41:00+00:00,-0.32243978473066065,-0.20842418839200474,0.28321074609419417,-0.24331526238345125,-0.017663410983101775,-0.39527318221167884,0.16499856729844398,0.22845769293402476,88.88161640828169,329.18799999999464,0.08070354005973061
2022-02-25 01:42:00+00:00,-0.2543473759504789,1.9093912166080587,3.1280216223404302,2.3885659350120094,0.6532020886407248,1.3983491030475705,0.05969913630159833,-0.06600682139224129,91.50073962760332,788.7940000000017,0.08060593321780779
2022-02-25 01:43:00+00:00,-0.12927518266214272,-0.19274444374551122,0.35174191689880424,0.061873259563295396,0.8463220205490408,-0.47019390578126624,0.0965653385137299,-0.21572972573256147,90.95163214876487,1247.0494999999937,0.08056797885907274
2022-02-25 01:44:00+00:00,-0.2483224038982304,-0.2939406866904577,-0.44017814742569383,0.3687476924707179,1.2531171053707704,0.34490751936905695,0.2751679025033843,-0.26196409858385883,91.42245675754906,1707.4570000000022,0.08061815986628845
2022-02-25 01:45:00+00:00,-0.29905429451678434,0.075518608121125,0.33076749811533196,1.3569031434319396,1.2824966052614701,-0.18063913416558516,0.3421651345036486,0.03685429398440565,90.89960863586673,2165.6830000000045,0.08069707159457176
2022-02-25 01:46:00+00:00,-0.2772358899598717,0.5077796645866913,-0.4918632944853033,0.2738032616597858,-0.0912053933866464,0.33654539942742556,-0.0021712641841010803,-0.050170494654184314,90.89960863586673,2037.7999999999956,0.08079151981876768
2022-02-25 01:47:00+00:00,-0.10128074415066779,-0.4377808909834277,-0.3054107834840692,1.9765435101885873,-0.3896602261318632,-0.49263367639011146,-0.2904653209342876,-0.4340751795502018,92.43628432280613,1895.3375000000015,0.08085785912048582
2022-02-25 01:48:00+00:00,-0.19703622035182716,-0.5025684408268186,-0.44494621464111794,0.39208562375932116,2.4650251381554864,0.6490222678429127,0.34393209038350664,-0.3925657399356717,94.34388258399154,1760.4415000000008,0.08064043836603194
2022-02-25 01:49:00+00:00,-0.28357969571573394,-0.38721577267944485,-0.23782702383817889,-0.4408850772511645,-0.7967092051770633,1.5474158383099326,0.06395839318522965,-0.2120695328979911,95.32770023600837,1618.5895000000091,0.08070787383718281
2022-02-25 01:50:00+00:00,4.120489303508668,2.4492197259276445,2.2076751161403516,2.744637187408216,0.7084249664919462,-0.13467400019593254,0.5466414270768459,0.18870349013120455,96.87113240192856,1479.2890000000043,0.08068188949570845
2022-02-25 01:51:00+00:00,-0.28886599726370416,0.6540046593406038,-0.5436521293837024,0.12301179380262925,-0.6703097547536304,-0.8866164615836294,-0.38399284026282887,-0.516199511806777,96.85588682058794,1343.8109999999942,0.08069214028357806
2022-02-25 01:52:00+00:00,-0.27181564772542216,-0.0023296004416545656,-0.14528584334492567,-0.40908840500747834,-0.6566376613393393,-0.16294412133464642,0.12512857532812213,-0.05198371199616999,97.33104106497217,1207.893499999991,0.08069594636783145
2022-02-25 01:53:00+00:00,-0.27471274830486064,-0.6057959827754734,-0.26715040899998305,-0.44376382453736174,-0.5736457249717934,-0.30921732975023236,0.6764654895846214,0.4441617606032019,97.37291455010592,1066.2855000000054,0.08054376050947411
2022-02-25 01:54:00+00:00,-0.2879781606703759,-0.24284865962878788,-0.32125467657257917,-0.5581369927783196,-0.7842773604633885,0.7665240687538594,0.38503094620885503,-0.4111677953225545,97.3757492946467,932.4044999999969,0.08041101396480654
2022-02-25 01:55:00+00:00,-0.28177939699052185,-0.6020251010870897,-0.6225748994825014,-0.6025881658831239,-0.6641275113762836,-0.4756220240087433,-0.599935970779331,-0.45212129120019523,72.31181061730014,794.5425000000032,0.08025752131123551
2022-02-25 01:56:00+00:00,-0.28634291901761105,-0.7715732623944341,0.13781143337300286,-0.8517241822498125,0.030011807138575704,-0.922428359051719,-0.541638700790863,-0.7077591600990888,47.68165111676515,641.2704999999987,0.0802673293906758
2022-02-25 01:57:00+00:00,-0.2921207940776545,-0.705653743596234,-0.5951220645380338,-0.7806849694484402,0.19278174319865524,0.4130833267779073,-0.7475094997651544,-0.238369139640322,54.96873564842573,493.33699999999953,0.08028493907042372
2022-02-25 01:58:00+00:00,-0.26128952792289317,-0.3479878744194787,-0.6054258925949403,-0.4755896937520069,-0.6183756787039035,-0.7345564514876595,-0.23186005191494596,-0.11102129130584569,54.828307168928696,334.21399999999994,0.0802544158046203
2022-02-25 01:59:00+00:00,-0.2835764005725958,-0.5555846329015862,-0.5379440871504002,-0.882982993309055,-0.582575464484504,-0.6454860522642996,-0.5566624148192044,-0.42668072992710077,69.14643696162932,186.4189999999944,0.08015941489619186
2022-02-25 02:00:00+00:00,-0.20673860268644376,-0.39352187220372753,-0.21639458057388677,0.2888512337800394,-1.0635402944654502,0.25274810145902393,-1.1178581722412417,0.17850289136711658,69.6238779668485,39.92799999999261,0.08016554132068551
2022-02-25 02:15:00+00:00,-0.24165761367319427,-0.7587266504405765,-0.3306289010270022,-0.6629234404034254,-0.44440669350786266,-0.09034716199764387,-0.9969144015408031,-1.0042541057376164,66.02433547443816,50.97249999999622,0.004491179726228536
2022-02-25 02:16:00+00:00,-0.240376429536731,0.4021513502349844,-0.07512737123706123,-0.8498787706074292,-0.39583672758784816,0.06670589411812637,-1.213618276508647,-0.4831847478445637,60.59596632548067,62.34549999999581,0.003913432910422727
2022-02-25 02:17:00+00:00,-0.05442927358521196,1.5439328907570427,0.532161242926612,0.7588461300994817,0.12554827354479417,-1.1380795953876595,-0.42352411716912064,-0.47140913404188617,68.25624232501062,71.4690000000046,0.003870290174287923
2022-02-25 02:18:00+00:00,-0.24318695148241135,-0.09583143363834945,-0.28251032538544574,-0.5665552492874201,0.6683740520712458,0.2328881520757439,-1.2597458282913876,0.5670815282930853,68.25624232501062,62.132500000006985,0.0038710104855307027
2022-02-25 02:19:00+00:00,-0.2368809255002655,-0.20309089836177024,-0.18492685747397705,-0.2436916096596266,-0.6364432669544601,-0.5824303458028888,-0.701956891255901,-1.0012738121808415,75.16877017904307,65.6449999999968,0.004517361201908094
2022-02-25 02:21:00+00:00,0.2966625187764051,1.1994305587004126,-0.6736189974686237,-0.20370897445186792,-0.03766474523408289,-0.6241826240419861,-0.7932000573360783,0.17116818826261732,76.29779624467506,98.49699999999575,0.00467857172945029
2022-02-25 02:22:00+00:00,-0.26682426456772496,-0.5520690511923525,0.2948273055575926,-0.059117831985475364,-0.8224141795922634,-0.11284483701233022,0.4569744130044881,0.9103000395576522,75.4754972653809,119.18899999999849,0.004564139494917597
2022-02-25 02:23:00+00:00,-0.26300114739594016,-0.49953653929742503,-0.3991432533367431,-0.28606365537721945,0.0342283238052772,0.42548745024443885,0.6507675171666086,-0.7457444594265593,75.4754972653809,137.6209999999919,0.0043125311937282276
2022-02-25 02:24:00+00:00,-0.10070287334754885,-0.8732966872452795,-0.7364772600046018,0.7445654489461809,0.1389648253495855,-0.610264495856085,-0.6002002893880217,0.24097786998858045,90.84894536879479,136.278999999995,0.0043125311937282276
2022-02-25 02:25:00+00:00,-0.3730478518002578,-0.103689385482902,-0.9656581022241147,-0.7457122327163266,0.3471181161589524,3.542366566092721,0.000846920118610144,2.802079105966593,90.18409218662316,123.86200000000099,0.004324418702847197
