ts,Ts,HighMomentum,LowMomentum,FastMomentum,Volatility,NormClose,NormVolume,Delta,HighAlpha,HighBeta,LowAlpha,LowBeta,LowGamma,Meditation,MidGamma,Theta
2022-01-24 05:39:00+00:00,1643002740,1.0070711613237966,0.9895362648668274,1.0,0.0006227593308832,0.5652083471680686,0.0589269320019317,4387.0,621.0,4255.0,3531.0,3068.0,1888.0,24.0,595.0,12156.0
2022-01-24 05:40:00+00:00,1643002800,1.0052597375858676,0.993903868168408,0.9995674365082974,0.0005539063541893,0.3068103929005648,0.0470428700649198,14240.0,3749.0,4866.0,33206.0,13332.0,4680.0,50.0,1586.0,38160.0
2022-01-24 05:41:00+00:00,1643002860,1.0037384426457272,0.9880298549137472,1.0018633494451803,0.0005234358292585,0.1774035431446289,0.011224438097754,5236.0,2923.0,2158.0,2288.0,3139.0,1053.0,40.0,1245.0,10817.0
2022-01-24 05:42:00+00:00,1643002920,1.0010509362605098,0.9909331927579564,0.9992514573967516,0.0004514937170598,0.1069953417993176,0.0281767419393775,23797.0,10226.0,5048.0,4931.0,3411.0,4687.0,57.0,758.0,9297.0
2022-01-24 05:43:00+00:00,1643002980,1.0011290248575997,0.9951661325794912,0.99960830428295,0.0004055620796367,0.789534534407648,0.0411881592145371,9658.0,2392.0,17737.0,6608.0,4482.0,8600.0,43.0,2865.0,20818.0
2022-01-24 05:44:00+00:00,1643003040,1.00639402476172,0.9849959747824688,0.9998045546061946,0.0006275827417099,0.0911045368492437,0.0328230795927037,11728.0,15966.0,30682.0,5715.0,2032.0,7114.0,47.0,4777.0,4367.0
2022-01-24 05:45:00+00:00,1643003100,1.0170270272984945,0.971493755722955,1.0061520616052593,0.0014823350403564,0.8571608971192253,0.0678937340464802,31644.0,3437.0,13417.0,1868.0,4286.0,6254.0,41.0,1795.0,4753.0
2022-01-24 05:46:00+00:00,1643003160,1.0286462992504175,0.9711209207006176,0.999009724950148,0.0014623089065632,0.7135645825509129,0.0358346111622651,13778.0,7716.0,5044.0,399.0,2677.0,2955.0,47.0,1366.0,14618.0
2022-01-24 05:47:00+00:00,1643003220,1.0078632971834955,0.9841056909494788,1.0012173596558671,0.0008029975600679,0.2402506070154266,0.0406475584972089,7336.0,3595.0,2810.0,6581.0,2090.0,4412.0,48.0,1572.0,6900.0
2022-01-24 05:48:00+00:00,1643003280,1.0027270415765397,0.992707266882633,0.9999462166649572,0.0005938076006417,0.2876232867719112,0.0438541269904274,4897.0,9952.0,5787.0,1819.0,6985.0,4158.0,51.0,1002.0,5999.0
2022-01-24 05:49:00+00:00,1643003340,1.00380124933647,0.9957935085307916,0.9996598409096528,0.0004949016699414,0.607485460633604,0.0554856007620688,4985.0,4306.0,5755.0,9110.0,3903.0,1412.0,75.0,1336.0,9347.0
2022-01-24 05:50:00+00:00,1643003400,1.0032791638497731,0.9886969443164658,1.0015762394399397,0.0004641925593787,0.1757693177651269,0.1249453523063284,5817.0,5073.0,6385.0,1031.0,1668.0,3452.0,43.0,1994.0,9448.0
2022-01-24 05:51:00+00:00,1643003460,1.0005022181539502,0.9889413897726947,0.9976964309333016,0.0004891016808563,0.1287096402197599,0.103973169039874,9454.0,2658.0,4120.0,10934.0,3970.0,3939.0,66.0,1164.0,8517.0
2022-01-24 05:52:00+00:00,1643003520,1.0012371845335304,0.9911897257904466,0.9994560784571668,0.0004674258076396,0.0698644848128638,0.1994303163344026,25225.0,27103.0,1639.0,6183.0,9458.0,3002.0,77.0,1574.0,17836.0
2022-01-24 05:53:00+00:00,1643003580,1.0052153916426814,0.9893785051834753,1.0003464103316049,0.0004589447936015,0.0430832228041399,0.0287817273033935,4506.0,4879.0,1889.0,2433.0,5887.0,3330.0,30.0,1435.0,9169.0
2022-01-24 05:54:00+00:00,1643003640,1.0029067778648513,0.9890025440082106,0.99641255445979,0.0004309780234045,0.0,0.0429061295387066,15795.0,2889.0,3753.0,648.0,5057.0,1641.0,43.0,1334.0,27040.0
2022-01-24 05:55:00+00:00,1643003700,1.0036794487513017,0.9802373621161772,0.9922437151633056,0.0005108194735384,0.0,0.0928261514994483,12556.0,4080.0,7151.0,1070.0,4509.0,5444.0,69.0,988.0,15539.0
2022-01-24 05:56:00+00:00,1643003760,1.0014675115495864,0.9725361903806744,0.998183550138381,0.0007034778946253,0.1066962931321489,0.0343543828754476,22136.0,1794.0,4684.0,6896.0,7505.0,5637.0,51.0,1687.0,2432.0
2022-01-24 05:57:00+00:00,1643003820,1.001670988220596,0.9739793940927216,0.9975397749776064,0.0009379616199479,0.3619248385711314,0.0204036094515024,33858.0,12456.0,10447.0,23463.0,15186.0,4544.0,63.0,1355.0,27564.0
2022-01-24 05:58:00+00:00,1643003880,1.006890428191053,0.9855575873351656,0.9977671285710674,0.0009308353327486,0.8657750284179079,0.0097246631260791,5452.0,4299.0,4943.0,8225.0,8080.0,1522.0,43.0,2861.0,16528.0
2022-01-29 15:54:00+00:00,1643471640,1.006697712738876,0.9895362648668274,1.0001399779424738,0.0006317945442985,0.5630249052221467,0.0267523748217017,8076.0,1496.0,3522.0,3272.0,2270.0,2354.0,57.0,2470.0,22479.0
2022-01-29 15:55:00+00:00,1643471700,1.0049816121868622,0.993903868168408,1.0001137624076069,0.0005549629876375,0.274740372588354,0.0535674563976904,4136.0,2654.0,7682.0,3407.0,6923.0,4604.0,53.0,4636.0,18277.0
2022-01-29 15:56:00+00:00,1643471760,1.0039076500260915,0.9880298549137472,0.9987912503865743,0.0005224903996582,0.0233658458562941,0.0103150599167644,2460.0,1691.0,2870.0,4735.0,831.0,2042.0,69.0,1134.0,8584.0
2022-01-29 15:57:00+00:00,1643471820,1.0018605375159813,0.9909331927579564,1.0009829281603737,0.0004515965781129,0.274935659551766,0.3104020959255594,946.0,931.0,3741.0,254.0,3474.0,2699.0,51.0,1801.0,8329.0
2022-01-29 15:58:00+00:00,1643471880,1.0015031129638947,0.991922242292772,0.9991755382984964,0.0004375897100422,0.6848889809130315,0.0756261197653266,9175.0,6179.0,3915.0,2882.0,7234.0,1924.0,78.0,1339.0,3113.0
2022-01-29 15:59:00+00:00,1643471940,1.0042796141799104,0.9849959747824688,0.9998196816187972,0.0006521809469656,0.0956916993166486,0.0400082616938446,2352.0,6544.0,2693.0,992.0,4561.0,3918.0,66.0,656.0,5077.0
2022-01-29 16:00:00+00:00,1643472000,1.0203981728844171,0.9718020013758812,0.9994476185748756,0.0014590105294897,0.6988054524669355,0.0578665907402779,5000.0,5037.0,6717.0,9133.0,1723.0,3191.0,66.0,416.0,5047.0
2022-01-30 04:05:00+00:00,1643515500,1.0007862058547212,0.989562629102636,1.0073911713110562,0.0007902679253402,0.6520855716400836,0.1087667694764313,36055.0,20529.0,20330.0,57685.0,20822.0,12555.0,97.0,4319.0,53290.0
2022-01-30 04:06:00+00:00,1643515560,1.0025907993122818,0.9900471346490074,0.9994648316953584,0.0007924904924766,0.6515707004529085,0.0,70326.0,40415.0,3735.0,6339.0,46318.0,5357.0,43.0,4670.0,108111.0
2022-01-30 04:07:00+00:00,1643515620,1.0099240007934798,0.9848913210642004,0.9958633108878356,0.0008006728099884,0.7289865939743267,0.0395261130504307,10533.0,10059.0,13679.0,31472.0,18773.0,10260.0,41.0,2481.0,46431.0
2022-01-30 04:08:00+00:00,1643515680,1.0063692710314414,0.9931926307794908,1.0022474756757314,0.0004857668144514,0.4848543031998884,0.5525073444014069,25093.0,5783.0,21511.0,4802.0,10937.0,4440.0,43.0,2458.0,37290.0
2022-01-30 04:09:00+00:00,1643515740,1.008195246102637,0.99034645341683,0.999699701696214,0.0005193293284041,0.3723669366104986,0.0,81735.0,22762.0,28640.0,44143.0,13473.0,12022.0,60.0,8641.0,38166.0
2022-01-30 04:10:00+00:00,1643515800,1.002293303200593,0.9961706911327868,0.9995936037169828,0.0003871519826659,0.2411356093818519,0.1362288372374066,14190.0,3135.0,3866.0,8673.0,9166.0,4896.0,67.0,1226.0,17653.0
2022-01-30 04:11:00+00:00,1643515860,1.007069355732217,0.9895600617117912,1.001276425775685,0.0004960329749292,0.5551981518877702,1.0,5730.0,2832.0,2902.0,7640.0,2280.0,2112.0,53.0,2924.0,7224.0
2022-01-30 04:12:00+00:00,1643515920,1.0009993415686096,0.9918175918929796,1.000112946938818,0.0005378069205629,0.9688365872968686,0.0872263298597064,2516.0,7444.0,1930.0,4872.0,2781.0,4798.0,63.0,1837.0,5130.0
2022-01-30 04:13:00+00:00,1643515980,1.0163699068314151,0.9794566477511916,1.0069004184137322,0.0007484790960831,0.9473109187940216,0.1475344900236112,13806.0,4378.0,5082.0,14873.0,4437.0,2113.0,64.0,1023.0,18800.0
2022-01-30 04:14:00+00:00,1643516040,1.014243112139898,0.985344259374852,1.0022815266644989,0.000744543452479,0.5969664342518974,0.5918613028219191,6221.0,7621.0,5154.0,7781.0,2690.0,3628.0,60.0,1420.0,6096.0
2022-01-30 04:15:00+00:00,1643516100,1.011002721943101,0.9888381106822042,0.9996513398387784,0.0007513542598787,0.656212342830143,0.010024445499835,4357.0,8635.0,5406.0,7701.0,8533.0,4355.0,50.0,1617.0,7247.0
2022-01-30 04:16:00+00:00,1643516160,1.0096254210416853,0.9862030230240938,0.999467710643004,0.0006342347730176,0.9116174865496898,0.3861053798361673,5829.0,9789.0,3339.0,3852.0,7259.0,2563.0,53.0,1673.0,7810.0
2022-01-30 04:17:00+00:00,1643516220,1.0111796844621108,0.9889439190344714,1.0008688132091847,0.0005948714464497,0.8745899172150221,0.2453276184835914,4488.0,2237.0,3674.0,1341.0,6425.0,3883.0,48.0,1681.0,11708.0
2022-01-30 04:18:00+00:00,1643516280,1.0105045341226508,0.9896046640386712,1.0001337874689176,0.0006879982252273,0.4465736695337299,0.0678034815502074,5272.0,5376.0,3903.0,728.0,5175.0,1621.0,37.0,1616.0,4173.0
2022-01-30 04:19:00+00:00,1643516340,1.0061871153663833,0.990541268628836,0.9990180568356546,0.0005924141772047,0.0723927796348514,0.0362115571195682,14186.0,2266.0,4650.0,2435.0,4332.0,5232.0,63.0,2415.0,14232.0
2022-01-30 04:20:00+00:00,1643516400,1.0036873218403022,0.9878236253234096,1.000499377916592,0.0006074783105249,0.1237009604169519,0.037971402492007,18271.0,2498.0,3628.0,2099.0,3356.0,4023.0,51.0,1361.0,6190.0
2022-01-30 04:21:00+00:00,1643516460,1.0054312557608744,0.989866324185963,1.0038111917765795,0.0005197599776245,0.9195814131183666,0.3608492299224532,4742.0,6515.0,3876.0,838.0,3937.0,2967.0,64.0,1852.0,16255.0
2022-01-30 04:22:00+00:00,1643516520,1.0118708787010362,0.9868726759692474,1.0012725286245872,0.000557183880774,0.9540895500770936,1.0,429431.0,19086.0,4763.0,41154.0,4451.0,5826.0,54.0,1861.0,36888.0
2022-01-30 04:23:00+00:00,1643516580,1.0131301228465712,0.9868981531104436,0.9997478695816416,0.0005360552000014,0.7916649098172591,0.4335555520912185,9735.0,2831.0,7082.0,991.0,10638.0,4510.0,35.0,3010.0,7047.0
2022-01-30 04:24:00+00:00,1643516640,1.001082561914682,0.9954058370003004,0.9989995604741616,0.0004386128016323,0.1886127937044773,0.0740205006632987,11165.0,3794.0,3802.0,5797.0,3769.0,2104.0,41.0,1193.0,18280.0
2022-01-30 04:25:00+00:00,1643516700,1.00533534611841,0.9926349054571886,0.999578639807922,0.0004640265254221,0.94826047858644,0.1772105774912874,72152.0,14929.0,5739.0,15146.0,10018.0,2203.0,61.0,1236.0,20092.0
2022-01-30 04:26:00+00:00,1643516760,1.00800694101793,0.9889463969809036,1.0014538656263203,0.0004457938319672,0.9685784248175604,0.1048108330709052,11469.0,3880.0,2509.0,25254.0,7132.0,1641.0,75.0,950.0,10126.0
2022-01-30 04:27:00+00:00,1643516820,1.009313302690842,0.9907040561864882,1.004967727347245,0.0005697811475482,0.9510559901339736,0.0555495614525197,21077.0,3205.0,2452.0,829.0,3483.0,4449.0,53.0,2327.0,9860.0
2022-01-30 04:28:00+00:00,1643516880,1.0066968528734752,0.9922805073917392,1.000231663373259,0.0005610619704478,0.7541183475393116,0.0596155085444422,13644.0,4130.0,3022.0,3979.0,2452.0,1231.0,70.0,837.0,5864.0
2022-01-30 04:29:00+00:00,1643516940,1.0083325145885231,0.9902851404730686,0.9984139652093332,0.0005782599577227,0.0250664668278392,0.1591276343458274,4381.0,6661.0,3527.0,41.0,3773.0,1261.0,61.0,1111.0,5907.0
2022-01-30 04:30:00+00:00,1643517000,1.002117434820251,0.9885129941825131,1.0000106419267665,0.0005508018134619,0.6794685980424351,0.1433868905358212,155692.0,1727.0,3705.0,4042.0,7328.0,1164.0,29.0,995.0,102753.0
2022-01-30 04:31:00+00:00,1643517060,1.0012072480542749,0.9881648628296672,0.9993741754954112,0.0007282136259162,0.179583129363051,0.024347319375887,5256.0,3518.0,3115.0,2833.0,4431.0,2499.0,56.0,917.0,17032.0
2022-01-30 04:32:00+00:00,1643517120,1.0074894242022083,0.9881648628296672,0.9988788701561322,0.000662551976722,0.2177606127684498,0.1188691930431277,9086.0,9182.0,4220.0,7077.0,574.0,3356.0,61.0,693.0,21299.0
2022-01-30 04:33:00+00:00,1643517180,1.0055716725588053,0.9821693290290536,0.9959612969964442,0.0005819721101602,0.0580573522883979,0.0523388520860195,5778.0,4915.0,2895.0,1906.0,1487.0,2067.0,90.0,1318.0,5908.0
2022-01-30 04:34:00+00:00,1643517240,1.0040950660639858,0.9810816174232568,0.9986276882643548,0.0006688713287005,0.0735016428460025,0.0608020461682487,12878.0,2477.0,2131.0,2938.0,3251.0,1689.0,56.0,926.0,3989.0
2022-01-30 04:35:00+00:00,1643517300,1.0009259206910543,0.9843526898398196,1.0004175790391352,0.0006913609671651,0.3507368908271961,0.0083983398387209,25396.0,6830.0,2856.0,8876.0,5168.0,6692.0,54.0,2440.0,39109.0
2022-01-30 04:36:00+00:00,1643517360,1.0022011388311567,0.9927854625722272,1.001900896154868,0.0005548875115562,0.9838204589681808,0.1594747547866337,13863.0,2978.0,2209.0,2418.0,3233.0,5854.0,56.0,927.0,7550.0
2022-01-30 04:37:00+00:00,1643517420,1.0045581016202676,0.992104452386116,0.9953337182715593,0.0004636562091558,0.4272396060749402,0.0200615666741272,11132.0,3185.0,2050.0,3392.0,10718.0,2193.0,67.0,912.0,12023.0
2022-01-30 04:38:00+00:00,1643517480,1.0061161431588903,0.979220422100808,0.999872177947048,0.0007259553466575,0.0899500517209995,0.2522844014161816,25974.0,4807.0,3160.0,8906.0,3765.0,2168.0,63.0,721.0,13081.0
2022-01-30 04:39:00+00:00,1643517540,1.001369979302382,0.8968148674165312,0.960623107683922,0.0038776976720396,0.0962638390249821,0.3894474954143142,5851.0,1500.0,8430.0,6364.0,2254.0,3510.0,64.0,1484.0,3427.0
2022-01-30 04:40:00+00:00,1643517600,1.0023350431177205,0.9087213937553904,1.0021445745676758,0.004440944822141,0.395779323868276,0.0105103145506359,775.0,3096.0,8417.0,1382.0,3762.0,4677.0,44.0,1099.0,7626.0
2022-01-30 04:41:00+00:00,1643517660,1.0025224576746534,0.9112171119478214,1.0040115201750586,0.0049084602981242,0.4496137596957407,0.0052540832611641,6666.0,7876.0,14444.0,2893.0,3470.0,12109.0,57.0,2903.0,17009.0
2022-01-30 04:42:00+00:00,1643517720,1.0206609382843312,0.95724651352263,1.005360892399732,0.0026234243812065,0.8673774014069576,0.4337763141366772,284659.0,3839.0,8176.0,14066.0,7930.0,8304.0,50.0,4159.0,84746.0
2022-01-30 04:43:00+00:00,1643517780,1.035787853019612,0.965067373628145,0.9968171762938765,0.00186315251805,0.5970084912252829,0.0482038122615451,16212.0,937.0,9169.0,953.0,3497.0,4713.0,30.0,2020.0,26824.0
2022-01-30 04:44:00+00:00,1643517840,1.024981300941896,0.9725853825977258,1.0011646137034422,0.0018105081464907,0.8784210071470282,0.0836537995020327,490206.0,6441.0,4011.0,3061.0,7147.0,2820.0,29.0,2536.0,142276.0
2022-01-30 04:45:00+00:00,1643517900,1.009859892668792,0.9828165583096904,0.9919112108135888,0.0014154678264741,0.3729387488666029,0.2087563877495182,3623.0,9929.0,3278.0,275.0,4292.0,4911.0,64.0,1020.0,14600.0
2022-01-30 04:46:00+00:00,1643517960,1.008463418999356,0.9799054825154728,1.007303394438131,0.0010930402377584,0.5256377828072564,0.2580150060666454,13615.0,767.0,4781.0,1867.0,5018.0,4118.0,38.0,4001.0,19260.0
2022-01-30 04:47:00+00:00,1643518020,1.0050926846627,0.9816500163162848,1.0064115204566555,0.0010222394688251,0.7817866698326114,0.0794740486170416,3127.0,1623.0,9817.0,5848.0,3307.0,4981.0,51.0,1887.0,10314.0
2022-01-30 04:48:00+00:00,1643518080,1.011482408626715,0.9819418067242524,1.001836477262745,0.0010293139555594,0.7699543637864976,0.0977634865357935,22855.0,2188.0,8074.0,5731.0,4838.0,4495.0,47.0,3439.0,12271.0
2022-01-30 04:49:00+00:00,1643518140,1.0144350195572305,0.9812728265288808,1.0022125242170652,0.0009307850449309,0.908269866000554,0.1229637739110914,2259088.0,29486.0,64484.0,49307.0,92031.0,33018.0,44.0,26585.0,989976.0
2022-01-30 04:50:00+00:00,1643518200,1.0089632901167158,0.9893893408592218,0.9995230260402672,0.0007726521454576,0.8160700186238925,0.0733350410286112,43522.0,2701.0,22693.0,7278.0,11920.0,5309.0,61.0,3526.0,19711.0
2022-02-01 19:54:00+00:00,1643745240,1.0089381303969511,0.9905712192113244,0.9989151257470932,0.0007224737890178,0.1523630386345584,0.0567767577031325,342777.0,18733.0,6885.0,7279.0,8569.0,2496.0,14.0,953.0,63234.0
2022-02-01 19:55:00+00:00,1643745300,1.0032747528450163,0.985010869927478,1.0029880928543395,0.0007813789890742,0.3423432297412053,0.1531850780401737,6243.0,12513.0,4549.0,650.0,6140.0,3657.0,53.0,737.0,22788.0
2022-02-01 19:56:00+00:00,1643745360,1.001469066743628,0.9859311307773486,1.0036470952274328,0.0007719783523174,0.5440689280112585,0.2711278521329076,114418.0,10556.0,11058.0,19199.0,8936.0,2347.0,56.0,1474.0,30464.0
2022-02-01 19:57:00+00:00,1643745420,1.006095832125702,0.9901189375516,1.0027851570374398,0.0007490431797577,1.0,0.142069855178329,2365.0,1980.0,3768.0,4296.0,1961.0,5652.0,53.0,1122.0,18589.0
2022-02-02 06:46:00+00:00,1643784360,1.0052838718515,0.989818540866265,0.9986082950523424,0.0006583065903432,0.7312741723389574,0.1248086957275026,5489.0,1929.0,3023.0,2643.0,3799.0,2648.0,47.0,777.0,7034.0
2022-02-02 06:47:00+00:00,1643784420,1.005614957375771,0.991143035203972,1.0007552769208177,0.0006073908106783,0.7001310472762031,0.058690567818432,7008.0,6178.0,1527.0,2788.0,1221.0,1352.0,83.0,778.0,9120.0
2022-02-02 06:48:00+00:00,1643784480,1.0041068433516698,0.9888518326893768,1.0006496416984094,0.0006882046348675,0.9140262556528996,0.3249916175267348,1376.0,878.0,2575.0,4604.0,2461.0,1371.0,88.0,941.0,4288.0
2022-02-02 06:49:00+00:00,1643784540,1.0142396078855642,0.9859603117696714,1.0001740370324874,0.0005808451455307,0.9262780629368924,0.0286067609526779,5772.0,1520.0,2693.0,4012.0,2041.0,1626.0,64.0,1781.0,7122.0
2022-02-02 06:50:00+00:00,1643784600,1.0220624018272155,0.9774473788432791,0.999096138037368,0.0008897321657045,0.7126671970066589,0.1292761930520718,6368.0,3086.0,4764.0,974.0,5756.0,8450.0,48.0,1018.0,6648.0
2022-02-02 06:51:00+00:00,1643784660,1.0202660094468836,0.9785945582420704,1.0028977185226478,0.0009935313277534,0.8844850370161793,0.0554711233998346,3609.0,387.0,8971.0,2340.0,3185.0,1391.0,47.0,2542.0,6161.0
2022-02-02 06:52:00+00:00,1643784720,1.018977624273885,0.9813124251387252,0.9993679723581252,0.0010639088455281,0.6939928909206489,0.0486947130613376,4900.0,1045.0,5927.0,1171.0,3466.0,4941.0,57.0,795.0,2658.0
2022-02-02 06:53:00+00:00,1643784780,1.010123462691688,0.9848616756928704,1.0050171794328346,0.0007197835479263,0.9359197571251064,0.1362230522950762,5435.0,1318.0,7342.0,378.0,3876.0,7000.0,43.0,2554.0,4074.0
2022-02-02 06:54:00+00:00,1643784840,1.01409594153335,0.976218878569816,0.99936521560304,0.0011062062348587,0.0627857320647747,0.1202848614154332,1878.0,2239.0,8479.0,1881.0,2371.0,2949.0,41.0,1145.0,13802.0
2022-02-02 06:55:00+00:00,1643784900,1.0098342857216682,0.976218878569816,1.0022729042942409,0.0012963190463802,0.3862753252038713,0.0165875776908736,6239.0,1056.0,4832.0,1187.0,2450.0,2505.0,37.0,1167.0,4061.0
2022-02-02 06:56:00+00:00,1643784960,0.9992750764181968,0.9845240041050692,0.996972965023862,0.0013042398361646,0.7641733852544823,0.1543658151175847,3989.0,3582.0,4283.0,4506.0,1301.0,3235.0,53.0,1510.0,7459.0
2022-02-02 06:57:00+00:00,1643785020,1.0099391335695018,0.9858528249329126,1.001214811474202,0.000828382845124,0.9731535434062109,0.0475679193988719,10515.0,2564.0,3503.0,2559.0,1000.0,2959.0,37.0,1690.0,13157.0
2022-02-02 06:58:00+00:00,1643785080,1.0056682938278654,0.994026255657388,0.9959005587169129,0.000824300890391,0.2328128435067839,1.0,1076.0,1087.0,3200.0,1372.0,2269.0,4033.0,41.0,4948.0,9685.0
2022-02-02 06:59:00+00:00,1643785140,1.0067563452705717,0.986345795886216,1.0021351482486989,0.0007771588127502,0.4432440858476761,0.0918975531796101,82274.0,3296.0,4182.0,13039.0,3548.0,1225.0,38.0,1882.0,114451.0
2022-02-02 07:00:00+00:00,1643785200,1.0024061206590815,0.9848075070997104,0.9999121958565294,0.0008068270301962,0.0930207763110243,0.0879581125665864,4040.0,5015.0,5614.0,877.0,4267.0,6801.0,40.0,1306.0,10397.0
2022-02-02 07:01:00+00:00,1643785260,1.0005847705834796,0.9907480871472772,1.0001915370328731,0.0007360755839082,0.7117620954052672,0.0192277266092903,9841.0,643.0,4767.0,1240.0,7581.0,3615.0,13.0,803.0,2437.0
2022-02-02 07:02:00+00:00,1643785320,1.0037227450482271,0.9905610640398824,1.0019191023596936,0.0006602779917625,0.9563008101463826,0.0821415428721549,1248.0,6230.0,6994.0,2094.0,1963.0,1908.0,47.0,1682.0,3504.0
2022-02-02 07:03:00+00:00,1643785380,1.0148305840101095,0.9844782459848458,1.0061831961711307,0.0006950187827052,0.915467258737504,0.0654190594349508,9293.0,954.0,5277.0,1559.0,1719.0,1641.0,74.0,1484.0,2919.0
2022-02-02 07:04:00+00:00,1643785440,1.0107565753992511,0.9787199277968324,1.0021369732455658,0.0008159894420428,0.5440281951799752,0.0993770450194798,20164.0,3716.0,3412.0,4879.0,3706.0,869.0,60.0,1539.0,34916.0
2022-02-02 07:05:00+00:00,1643785500,1.0098597588905491,0.9787199277968324,1.0004509892586195,0.0007822495433895,0.3093111757746755,0.0105382904422478,8833.0,853.0,2252.0,1941.0,1594.0,1081.0,67.0,643.0,6492.0
2022-02-02 07:06:00+00:00,1643785560,1.003142412047042,0.9963354989353213,1.000241129093928,0.0004427265791478,0.7135164127061053,0.036197754206084,6665.0,4101.0,2827.0,2333.0,3174.0,2373.0,51.0,845.0,10330.0
2022-02-02 07:07:00+00:00,1643785620,1.006660829440888,0.9867939306860904,0.996758138051156,0.0006790166618454,0.3470280541306486,0.1034447260462575,7290.0,4285.0,2588.0,7022.0,2171.0,1289.0,75.0,721.0,6315.0
2022-02-02 07:08:00+00:00,1643785680,1.0047548187119395,0.9867939306860904,0.9995655506061332,0.0006504115838377,0.4225490924868418,0.1351386910641253,1851.0,3599.0,1934.0,2087.0,516.0,2556.0,63.0,1899.0,8639.0
2022-02-02 07:09:00+00:00,1643785740,1.0048952525213697,0.9853413120715164,0.9989768185642358,0.0007171531656902,0.4731451319177637,0.0518521569298048,2040.0,4440.0,2102.0,4333.0,2907.0,2083.0,61.0,1001.0,9058.0
2022-02-02 14:49:00+00:00,1643813340,1.0010076943819093,0.9944682542303034,0.9992688010492188,0.0004352103172497,0.5323194138289242,0.0081970497404411,3412.0,2416.0,5103.0,6823.0,3841.0,919.0,70.0,642.0,8113.0
2022-02-03 19:20:00+00:00,1643916000,1.0037348223733504,0.9946625873797036,1.0015015688446316,0.0003444660260798,0.5526641973070581,0.0612362693728667,2139.0,2956.0,2130.0,48.0,3583.0,2262.0,63.0,665.0,8681.0
2022-02-03 19:53:00+00:00,1643917980,1.0055453302672148,0.990564334384332,1.002367935007973,0.000423998395321,0.3283867903917169,0.0438530014596166,10373.0,1877.0,1518.0,4056.0,3797.0,1967.0,48.0,1827.0,9130.0
2022-02-03 19:54:00+00:00,1643918040,1.005421329097956,0.9886821987864786,0.9979374231288016,0.0004906378923181,0.0496233689893107,0.0148287503806267,10895.0,12893.0,1700.0,27735.0,1995.0,1804.0,54.0,575.0,35633.0
2022-02-03 19:55:00+00:00,1643918100,1.00060503230532,0.9900771865296468,0.999694471164892,0.0004925492438116,0.3021824077703473,0.0683424050036824,13774.0,2353.0,3300.0,21908.0,6640.0,2177.0,77.0,1020.0,39712.0
2022-02-03 19:56:00+00:00,1643918160,1.0006043878794522,0.9963309456280393,1.0008770474633353,0.0003789547552798,0.530796498626538,0.0437450400767269,2067.0,8853.0,3954.0,488.0,1884.0,1115.0,67.0,640.0,13850.0
2022-02-03 19:57:00+00:00,1643918220,1.0022710491433349,0.9956226409323224,0.9988887363351908,0.0003000068573136,0.0895195631875964,0.018773020309338,3113.0,3007.0,3511.0,10169.0,5494.0,2117.0,74.0,812.0,12251.0
2022-02-03 19:58:00+00:00,1643918280,1.0008419972483042,0.9963713888457248,0.99994687588396,0.0003081841083382,0.7749598045203524,0.0448794195461386,3754.0,608.0,2821.0,339.0,1904.0,3709.0,29.0,1177.0,11484.0
2022-02-03 19:59:00+00:00,1643918340,1.0043781576228703,0.9951880392287056,1.0000475379741542,0.0003324912547508,0.478075222615606,0.0441476293109121,8219.0,5041.0,2991.0,1602.0,1623.0,1603.0,30.0,993.0,6658.0
2022-02-03 20:00:00+00:00,1643918400,1.0030009481701745,0.9955856140265382,1.000787368361974,0.0002968154928686,0.4672414914424771,0.0324591528725749,22225.0,4183.0,2001.0,6969.0,2138.0,1850.0,53.0,2355.0,24523.0
2022-02-03 20:01:00+00:00,1643918460,1.0005634280522822,0.9957613808159532,0.9995722850143932,0.0002587951817504,0.217171785658269,0.0265449546826701,8163.0,11791.0,2077.0,10501.0,3247.0,2826.0,61.0,804.0,7619.0
2022-02-03 20:02:00+00:00,1643918520,1.0020815839984774,0.9958173619414926,0.9998679797428464,0.000205347452701,0.2763067222938858,0.0346350927252206,8419.0,2321.0,1745.0,3636.0,3667.0,2384.0,41.0,629.0,14851.0
2022-02-03 20:03:00+00:00,1643918580,1.0008476624857794,0.9970035420007476,1.0000417224014495,0.0001874942575868,0.6340860444713987,0.2228586214355759,3509.0,6047.0,1877.0,6414.0,6039.0,1758.0,66.0,2268.0,5760.0
2022-02-03 20:04:00+00:00,1643918640,1.0051808390695924,0.994845863681218,1.0018806492195522,0.0002336316502565,0.920653302295124,0.1054472397731929,2411.0,1171.0,4612.0,1411.0,1781.0,2647.0,30.0,814.0,3675.0
2022-02-03 20:05:00+00:00,1643918700,1.0052515529882555,0.9941803283306476,1.0013277008195658,0.0002883286188074,1.0,0.5026044383969779,72013.0,9602.0,3644.0,3975.0,1418.0,3133.0,21.0,1044.0,30774.0
2022-02-03 20:06:00+00:00,1643918760,1.0178274744803109,0.9810435587326132,1.006005530103022,0.0006609462610263,0.8346279596365662,0.1615903170034048,5453.0,799.0,1081.0,1122.0,1504.0,1099.0,54.0,1335.0,2097.0
2022-02-16 07:07:00+00:00,1644995220,1.0179551767524595,0.9823615251805672,1.0016595029872335,0.0007817123180942,0.9371570066513925,0.0955700848168043,4163.0,5042.0,5851.0,13523.0,2394.0,1267.0,56.0,1642.0,6520.0
2022-02-16 07:08:00+00:00,1644995280,1.0140449935295808,0.9858844448575996,0.9998947137104708,0.0010239119085194,0.5336149322293414,0.0302501993760476,5437.0,4981.0,3985.0,3058.0,1189.0,2767.0,60.0,653.0,6862.0
2022-02-16 07:09:00+00:00,1644995340,1.007533154462751,0.9911134750834348,1.0039499994699226,0.0008425837317583,0.671714136251381,0.0197790382085589,4473.0,3409.0,4329.0,6772.0,2686.0,4040.0,43.0,1459.0,12766.0
2022-02-16 07:10:00+00:00,1644995400,1.0026874113121398,0.9928057541106424,1.0000322272051316,0.0008165906001291,0.5941699309861277,0.0067644214254052,10404.0,3788.0,1036.0,4099.0,2560.0,2365.0,50.0,891.0,13784.0
2022-02-16 07:11:00+00:00,1644995460,1.0057764120948698,0.99228726427123,0.9988779111134394,0.0005034026260811,0.8242139995254555,0.0503098668716031,2587.0,1896.0,4184.0,4874.0,1992.0,3245.0,48.0,1877.0,24005.0
2022-02-16 07:12:00+00:00,1644995520,1.0032110753323695,0.9905310271313806,1.0001525557390858,0.0005148087961141,0.4286161001978503,0.0343067319981333,7766.0,3232.0,4190.0,3988.0,1557.0,2691.0,44.0,1572.0,7602.0
2022-02-16 07:13:00+00:00,1644995580,1.0036036602371952,0.9905310271313806,1.0000358644960683,0.0005250802757036,0.8015819071277663,0.007809507311529,6111.0,4142.0,4645.0,2607.0,8620.0,2363.0,35.0,1105.0,6404.0
2022-02-16 07:14:00+00:00,1644995640,1.00639569424024,0.9907756496269516,0.9989291892155272,0.0004984873712462,0.8617284800687165,0.0485817232563654,5412.0,2188.0,3044.0,7155.0,3864.0,3855.0,54.0,2314.0,5377.0
2022-02-16 07:15:00+00:00,1644995700,1.0065750120181236,0.991529175872022,1.0013704875191631,0.0004704803999902,0.2758009372203439,0.0100060701856167,10734.0,10101.0,3909.0,3881.0,687.0,1425.0,40.0,1568.0,14207.0
2022-02-16 07:16:00+00:00,1644995760,1.0061829295345133,0.9899839211181914,1.0002441018001749,0.0004655008894083,0.1983583573237864,0.0109729215697648,25606.0,968.0,4787.0,4834.0,8012.0,3624.0,34.0,1086.0,16691.0
2022-02-16 07:17:00+00:00,1644995820,1.0005529298456468,0.9919079118139214,0.9962870688872968,0.0003586675567403,0.094063369729135,0.6651370697912479,9216.0,5058.0,2717.0,8559.0,1667.0,1700.0,35.0,1857.0,4716.0
2022-02-16 07:18:00+00:00,1644995880,1.0013069802432466,0.9931781362293716,1.0015054677158126,0.0003604747026463,0.4109924014206659,0.0602427273801101,4145.0,1852.0,6173.0,4290.0,4263.0,2549.0,34.0,689.0,8672.0
2022-02-16 07:19:00+00:00,1644995940,1.0018021432425743,0.9931781362293716,1.0005195493807326,0.000353222973287,0.7628399013188452,0.0187016371520726,2899.0,558.0,6057.0,2305.0,6298.0,7687.0,27.0,4458.0,9538.0
2022-02-16 07:20:00+00:00,1644996000,1.0045898335176686,0.9931890765244774,0.9980248266722654,0.0003390817257763,0.7100938888652792,0.274861621862483,5005.0,7896.0,3307.0,13937.0,2784.0,2923.0,84.0,1544.0,6173.0
2022-02-16 07:21:00+00:00,1644996060,1.0053698704222525,0.9786889326425076,1.0024187704710954,0.0007413364597254,0.211067206132922,0.0988871741092496,10066.0,2994.0,15019.0,889.0,6315.0,10496.0,38.0,5975.0,8472.0
2022-02-16 15:45:00+00:00,1645026300,1.0034149695145516,0.9780137224500915,1.000750975030306,0.0009128518696082,0.1057498376131094,0.043612886952665,527630.0,85080.0,442871.0,58368.0,61661.0,28212.0,61.0,12946.0,259764.0
2022-02-16 15:46:00+00:00,1645026360,1.0022804807630972,0.9897970333720714,0.9993696843962068,0.0008716868589869,0.4045368000798684,0.0310415864796144,1096804.0,5935.0,12537.0,54625.0,8385.0,10754.0,75.0,4390.0,80142.0
2022-02-16 15:47:00+00:00,1645026420,1.0023135042020153,0.9956949570147516,1.0011822066912142,0.0005476430021548,0.9698602040581956,0.0220051581085977,252461.0,1639.0,2699.0,1392.0,2460.0,1843.0,67.0,896.0,19837.0
2022-02-16 15:48:00+00:00,1645026480,1.00596299379577,0.9925944642074522,0.9996560074530996,0.0004482687494057,0.8542428486110172,0.1755583705208989,814999.0,27586.0,12017.0,13441.0,8900.0,16895.0,74.0,6833.0,47536.0
2022-02-16 15:49:00+00:00,1645026540,1.007598416731453,0.9924588838119645,1.0006566930391083,0.0004217833462027,0.8399538617046428,0.0566867488951308,18370.0,14591.0,5669.0,2329.0,12159.0,4363.0,80.0,649.0,15655.0
2022-02-16 15:50:00+00:00,1645026600,1.0080404314705145,0.9918095741683356,0.9990280588168508,0.0004171847205472,0.7882820065194253,0.0343168057232535,26644.0,13189.0,3414.0,8982.0,9367.0,1624.0,53.0,1321.0,31399.0
2022-02-16 15:51:00+00:00,1645026660,1.0042703005112608,0.9908828282721815,1.0009607513943528,0.000410022495461,0.1895984627442892,0.070184437488457,4340.0,2777.0,3152.0,1203.0,3064.0,873.0,51.0,2084.0,20360.0
2022-02-16 15:52:00+00:00,1645026720,1.0035541350512422,0.9893061884054252,0.9998016703563536,0.0004390431635193,0.4255692111119313,0.1666704359662184,8239.0,1856.0,2474.0,5452.0,7942.0,1372.0,38.0,640.0,2219.0
2022-02-16 15:53:00+00:00,1645026780,1.000303856047882,0.9913008755016168,1.000605226901566,0.0004217151910123,0.6900971362789216,0.0122876050561049,12944.0,7955.0,3086.0,6228.0,9730.0,1615.0,77.0,728.0,8731.0
2022-02-16 15:54:00+00:00,1645026840,1.0043001238744869,0.9933494161833952,0.9997686454828028,0.0003924770722751,0.6846773055516209,0.1217400396874118,15021.0,7659.0,2845.0,8694.0,3378.0,2120.0,94.0,1215.0,17628.0
2022-02-16 15:55:00+00:00,1645026900,1.0028195490539142,0.9939186351514724,1.0004108256989406,0.0004096336044263,0.220967695755174,0.0300272038988082,4279.0,3277.0,1566.0,2008.0,2178.0,1833.0,64.0,1209.0,6926.0
2022-02-16 15:56:00+00:00,1645026960,1.001004146259643,0.9939186351514724,1.000399859947662,0.0003888599638748,0.5260035482099594,0.0306148980790935,26397.0,6888.0,5531.0,5496.0,8216.0,11207.0,64.0,7298.0,5669.0
2022-02-16 15:57:00+00:00,1645027020,1.0018197336636492,0.9939186351514724,1.0004361715599983,0.000361419534052,0.4893638849688005,0.0204326978748788,11683.0,3891.0,11662.0,3589.0,8077.0,4382.0,54.0,1927.0,8615.0
2022-02-16 15:58:00+00:00,1645027080,1.007647763173861,0.9917828615993995,1.0031086542502237,0.0003637678952642,0.9571373455006804,0.060347099957771,976885.0,16483.0,17470.0,33519.0,17018.0,9024.0,66.0,11908.0,91702.0
2022-02-16 15:59:00+00:00,1645027140,1.0074341361529942,0.9904420373800188,1.0021656450038685,0.0004086836009436,1.0,0.089504347656524,9399.0,1351.0,2641.0,3716.0,4705.0,2431.0,87.0,1466.0,7372.0
2022-02-16 16:00:00+00:00,1645027200,1.0068387119963351,0.9925169162762002,1.0000330555259749,0.0004328471405356,0.5899830150583859,0.1394221965549767,14871.0,4908.0,2478.0,1709.0,4777.0,2205.0,64.0,1004.0,5121.0
2022-02-16 16:01:00+00:00,1645027260,1.0029686151211583,0.9964496044704416,1.0000094367242631,0.0004132861686586,0.2302489997982918,0.0203318209991482,10565.0,10473.0,1136.0,497.0,4498.0,1572.0,87.0,1026.0,4677.0
2022-02-16 16:02:00+00:00,1645027320,1.0033331394913636,0.9958227439126064,1.0005334460987934,0.0003692878101197,0.8672889042663668,0.1459021825517903,2808.0,3000.0,8601.0,549.0,2090.0,1360.0,66.0,432.0,9435.0
2022-02-16 16:03:00+00:00,1645027380,1.013700083660555,0.9846263408877116,1.002394986083879,0.0005313905185955,0.9537918589348524,0.1763329464320988,4722.0,7139.0,3789.0,2170.0,2947.0,1748.0,60.0,2075.0,9548.0
2022-02-16 16:04:00+00:00,1645027440,1.0157325741513068,0.9842812145912168,0.9993427137945258,0.0006137320197744,0.8566196992616193,0.110820283118103,1323.0,4755.0,2185.0,2516.0,5371.0,3581.0,63.0,1473.0,2856.0
2022-02-16 16:05:00+00:00,1645027500,1.013151918158394,0.987018809398002,1.0047348529700384,0.0006351230679632,1.0,0.3290200439971846,6964.0,2839.0,1696.0,1924.0,7611.0,2079.0,37.0,927.0,37381.0
2022-02-16 16:06:00+00:00,1645027560,1.0056092063511843,0.9929534675235608,0.9980245399739526,0.0005712030060086,0.3839221038258648,0.6178252181511562,4500.0,5211.0,2924.0,4149.0,1289.0,4068.0,50.0,856.0,12327.0
2022-02-16 16:07:00+00:00,1645027620,1.0059674855153122,0.9925857017542388,1.000896725344004,0.0005700169908057,0.882262178200302,0.0117623104394726,3600.0,7210.0,2707.0,2206.0,3248.0,2496.0,74.0,524.0,3654.0
2022-02-16 16:08:00+00:00,1645027680,1.0042124851592509,0.9943873801448668,1.0007363988406517,0.0005937753951111,0.769432067798372,0.1018394306509687,3063.0,1476.0,3066.0,5628.0,1470.0,2163.0,74.0,1078.0,3276.0
2022-02-16 16:09:00+00:00,1645027740,1.015057334207537,0.9833510309499058,1.0002411668000428,0.0006845628720302,0.8600530906256799,0.0789703227197701,34410.0,8204.0,2669.0,6529.0,3058.0,1630.0,70.0,1091.0,12659.0
2022-02-16 16:10:00+00:00,1645027800,1.0167794971693125,0.9833510309499058,1.000867487993192,0.0007101155072918,0.8550952654276067,0.0828578067745958,2520.0,2185.0,5405.0,3884.0,4616.0,1772.0,78.0,1080.0,22061.0
2022-02-17 02:58:00+00:00,1645066680,1.01354447606504,0.9866365251995404,1.0008033301997654,0.000727096348901,0.7633869230610641,0.0391074579353696,3770.0,2395.0,2863.0,956.0,1509.0,969.0,37.0,1509.0,8938.0
2022-02-17 02:59:00+00:00,1645066740,1.004329080780488,0.9899924978420704,0.998994435873074,0.0006605574158876,0.8971753115664023,0.061091871783595,79893.0,3124.0,3000.0,6633.0,10086.0,1578.0,66.0,2349.0,60879.0
2022-02-17 03:00:00+00:00,1645066800,1.006447631244641,0.9918496497130708,1.0015522253049385,0.000499166654447,0.8686791768178664,0.2497830820477632,12532.0,3444.0,8213.0,1746.0,7116.0,14529.0,40.0,3102.0,39429.0
2022-02-17 03:01:00+00:00,1645066860,1.0145930755224823,0.9856168193194424,0.9965620793157818,0.0007144525898998,0.7908237234645337,0.1110534021273162,12357.0,1743.0,6213.0,3105.0,1786.0,2759.0,54.0,2124.0,15591.0
2022-02-17 03:02:00+00:00,1645066920,1.0162948957339946,0.9829425640213364,0.9996435193490236,0.0007096182980735,0.9247251399232066,0.0500059940574583,20216.0,3651.0,6265.0,13166.0,3656.0,3166.0,75.0,763.0,40595.0
2022-02-17 03:03:00+00:00,1645066980,1.0119363057134874,0.9878366716865874,0.99934836758284,0.0007781384727598,0.7848700737281049,0.0404409797590755,3926.0,3849.0,4230.0,3516.0,2809.0,4986.0,64.0,2035.0,11677.0
2022-02-17 03:04:00+00:00,1645067040,1.0090982809516598,0.9869183343203524,0.994297998902142,0.000676795160607,0.1272684874033748,0.0893135821127722,4411.0,3922.0,3360.0,9795.0,10749.0,1818.0,44.0,1355.0,5843.0
2022-02-17 03:05:00+00:00,1645067100,1.005835705083626,0.9811193541997736,1.0044939515849385,0.0009611781582104,0.4438957078299872,0.0351493242659044,11344.0,3893.0,6388.0,22054.0,4620.0,2086.0,56.0,1388.0,12163.0
2022-02-17 03:06:00+00:00,1645067160,1.0008263472958503,0.9837213631379332,1.0007198177837826,0.0009624788893379,0.8986755286136208,0.0235528515833794,9127.0,12928.0,2358.0,3703.0,4238.0,1521.0,54.0,853.0,28710.0
2022-02-17 03:07:00+00:00,1645067220,1.0125805963797394,0.9844186237794088,1.0018549432597557,0.0008852852450282,0.8932574612678141,0.0469639987752144,16305.0,1572.0,6075.0,10260.0,3404.0,1846.0,77.0,1225.0,8319.0
2022-02-17 03:08:00+00:00,1645067280,1.0074728031154163,0.9922679578968416,1.000595856144231,0.0007997385987098,0.6788079418766064,0.029218865696475,25211.0,2021.0,17354.0,7807.0,9814.0,14100.0,40.0,3294.0,24998.0
2022-02-17 03:09:00+00:00,1645067340,1.0030490806860537,0.995851265064306,0.998076092137424,0.0005428613971108,0.267821257237574,0.0291481991640261,15064.0,4827.0,3884.0,1424.0,1417.0,2719.0,47.0,3425.0,16428.0
2022-02-17 03:10:00+00:00,1645067400,1.0027462178056523,0.9900517385996044,0.9985051916066044,0.0005306310190875,0.072676487153323,0.1102902163610376,5509.0,6363.0,6102.0,3508.0,7303.0,3297.0,60.0,3735.0,5546.0
2022-02-17 03:33:00+00:00,1645068780,1.0069395889774315,0.9895362648668274,1.000013275819198,0.000622203639037,0.5913687830042608,0.0,13016.0,1209.0,2913.0,8296.0,2284.0,1995.0,27.0,1535.0,9718.0
2022-02-17 03:34:00+00:00,1645068840,1.0055796102656962,0.993903868168408,0.9991933530196518,0.0005541121588049,0.2586777770385141,0.0240045465248413,1111.0,2293.0,4849.0,4473.0,3865.0,1619.0,30.0,2097.0,5061.0
2022-02-17 03:35:00+00:00,1645068900,1.0058166141650229,0.9880298549137472,1.0012147668624678,0.0004111179032699,0.2449145330536945,0.0069773570251424,6244.0,5202.0,8047.0,4675.0,8226.0,2404.0,48.0,1447.0,3672.0
2022-02-17 03:36:00+00:00,1645068960,1.0003344555503462,0.9911664587038148,0.999664664054652,0.0004534095716899,0.1538933071911884,0.2705825544589523,5561.0,8525.0,3169.0,6775.0,3912.0,3799.0,48.0,1192.0,10264.0
2022-02-17 03:37:00+00:00,1645069020,1.0011358279074498,0.9951661325794912,0.9982187961078766,0.0004110662285216,0.5410514179358686,0.0535386055411831,25548.0,3366.0,6352.0,13944.0,5221.0,4550.0,23.0,1913.0,14328.0
2022-02-17 03:38:00+00:00,1645069080,1.006223631312382,0.9849959747824688,0.9996549323340056,0.0006280960441364,0.100849316439301,0.0117751389621539,10965.0,6480.0,10042.0,3121.0,5294.0,8327.0,40.0,2669.0,7514.0
2022-02-17 03:39:00+00:00,1645069140,1.0174158456951694,0.9713181047120568,1.0054442374050705,0.0014870894025717,0.8502813739247687,0.1164905369647862,4572.0,1617.0,14721.0,5702.0,8003.0,3869.0,38.0,6146.0,1868.0
2022-02-17 03:40:00+00:00,1645069200,1.0284924837036642,0.9711209207006176,0.9998872996794228,0.001462720079589,0.7096241134608162,0.0263766273678446,4591.0,6607.0,11193.0,7385.0,9384.0,7808.0,57.0,1219.0,6143.0
2022-02-17 03:41:00+00:00,1645069260,0.9986746567683014,0.9932965436579184,1.0019250860141076,0.0008018496840964,0.3556156393199387,0.1461302638073602,5089.0,2809.0,20104.0,5737.0,3127.0,5217.0,43.0,2566.0,35621.0
2022-02-17 03:42:00+00:00,1645069320,1.0024335879213355,0.992707266882633,1.0003588795984484,0.0005921656682294,0.314649150354701,0.0528733102864947,10452.0,20902.0,5960.0,1720.0,5155.0,8282.0,47.0,2807.0,28167.0
2022-02-17 03:43:00+00:00,1645069380,1.0029790490300496,0.9957935085307916,0.9989786483047124,0.0004879225904256,0.6278511947869204,0.0404303699345767,12282.0,4961.0,5073.0,8216.0,7312.0,2868.0,51.0,968.0,18490.0
2022-02-17 03:44:00+00:00,1645069440,1.0036267414043636,0.9886969443164658,1.0005311969968418,0.0004674167197362,0.1216327478311416,0.0387283942891854,12318.0,9483.0,5500.0,3488.0,4115.0,3817.0,56.0,1920.0,12686.0
2022-02-17 03:45:00+00:00,1645069500,1.0008175679732296,0.9892036472879148,0.9992651184819464,0.000489471840611,0.1062583017773071,0.027038780488739,20550.0,8137.0,2853.0,2449.0,1938.0,706.0,66.0,687.0,7392.0
2022-02-17 03:46:00+00:00,1645069560,1.0008964518723813,0.9911897257904466,0.9981490507434716,0.0004700436239316,0.0375649888910874,0.1127916347989457,8830.0,3211.0,6288.0,7197.0,5136.0,2345.0,53.0,983.0,2150.0
2022-02-17 03:47:00+00:00,1645069620,1.005051513581252,0.9893785051834753,1.0001108521808606,0.0004541568404878,0.0560630055543451,0.0222277462521879,15871.0,6720.0,5418.0,1808.0,3430.0,3004.0,63.0,740.0,18499.0
2022-02-17 03:48:00+00:00,1645069680,1.0019041461785814,0.9890025440082106,0.9991303606315114,0.0004339027229887,0.0388717821842726,0.0452788920237566,3887.0,2170.0,9996.0,14071.0,4418.0,3023.0,56.0,2363.0,11709.0
2022-02-17 03:49:00+00:00,1645069740,1.003263165119426,0.9802373621161772,0.993119867913456,0.0005137619905322,0.0285724120222476,0.0383279439216616,14607.0,7137.0,3954.0,4597.0,4271.0,2752.0,69.0,927.0,16165.0
2022-02-17 03:50:00+00:00,1645069800,1.0012601043691558,0.9725361903806744,0.9994743987891844,0.0007093102959812,0.1585158371614282,0.2009179137367242,7616.0,2482.0,2448.0,3149.0,4110.0,1315.0,64.0,1355.0,8051.0
2022-02-17 03:51:00+00:00,1645069860,1.0021245732207724,0.9739793940927216,0.9990295027308576,0.0009391769046221,0.3797849655415568,0.0405173454328214,27345.0,6482.0,3219.0,11468.0,2417.0,1980.0,44.0,1883.0,25762.0
2022-02-17 03:52:00+00:00,1645069920,1.0063514466749404,0.9855575873351656,0.9992930970891328,0.00092970565139,0.9585926635319604,0.1804067723708836,9057.0,9294.0,1408.0,6286.0,8202.0,2995.0,77.0,1263.0,13857.0
2022-02-17 03:53:00+00:00,1645069980,1.0169873622509895,0.9832963880560028,1.0014962506627392,0.0008788654716255,0.6735286558318214,0.0854519282793176,1655.0,1121.0,3911.0,2199.0,4352.0,7118.0,27.0,1473.0,25315.0
2022-02-17 03:54:00+00:00,1645070040,1.0058865142219209,0.9882866597166168,0.9979256114683714,0.0006360953746956,0.0994065802060502,0.1349967689570602,3245.0,3394.0,6835.0,9363.0,3501.0,3243.0,47.0,2207.0,6386.0
2022-02-17 03:55:00+00:00,1645070100,1.0013000081079229,0.9889043286594142,1.001445863860522,0.0007460847975925,0.5391680166391254,0.0428234138162595,8566.0,3738.0,4242.0,5285.0,2241.0,1164.0,63.0,1345.0,10339.0
2022-02-22 01:24:00+00:00,1645493040,1.0103371149645246,0.9897686477004386,0.9990544634949152,0.000585137453067,0.5160760414766282,0.0708393013151807,21419.0,2261.0,16881.0,6865.0,8018.0,12912.0,67.0,5373.0,8569.0
2022-02-22 01:25:00+00:00,1645493100,1.0027169093087571,0.9902811517594255,1.0001090988289452,0.0005083849603007,0.0386899915568599,0.0452186389907463,932468.0,19296.0,12199.0,27394.0,15481.0,5484.0,57.0,1462.0,63068.0
2022-02-22 01:26:00+00:00,1645493160,1.001714009353463,0.9909331927579564,1.0014146928834908,0.0004401492885103,0.181778828037999,0.135902131844027,246565.0,5064.0,1842.0,4377.0,3295.0,750.0,57.0,385.0,15932.0
2022-02-22 01:27:00+00:00,1645493220,1.001123844279991,0.9915305259005124,1.0007056047951397,0.0004315879391349,0.8368339555680441,0.2656605003360662,46229.0,7829.0,7922.0,8287.0,11063.0,2631.0,27.0,876.0,73070.0
2022-02-22 01:28:00+00:00,1645493280,1.0053834121094865,0.9849959747824688,0.9920575945069656,0.0006496363453736,0.0,0.0658653530607589,915644.0,13482.0,12552.0,14904.0,18552.0,5519.0,56.0,4686.0,185368.0
2022-02-22 01:29:00+00:00,1645493340,1.020376885265786,0.9718020013758812,1.008593074872124,0.00143620928947,0.7219431640531275,0.1581242314164278,54242.0,7289.0,7900.0,12820.0,14252.0,5661.0,43.0,823.0,45174.0
2022-02-22 01:30:00+00:00,1645493400,1.0180474252308949,0.9711209207006176,1.0009453050727293,0.0015111430320307,0.7906921696949045,0.0245390309246279,2984.0,1898.0,2252.0,2954.0,3367.0,2515.0,70.0,4157.0,9203.0
2022-02-22 01:31:00+00:00,1645493460,1.0290628601351075,0.9713776387203794,0.9989088760033658,0.0014782636504392,0.656193884564543,0.2161372380009367,257020.0,11192.0,4517.0,6330.0,6914.0,3976.0,61.0,1659.0,67693.0
2022-02-22 01:32:00+00:00,1645493520,1.008694781804606,0.988522082098796,1.0010341580779325,0.0007171039680884,0.3777774308308555,0.0017691326888454,4778.0,1472.0,4238.0,523.0,2603.0,1301.0,54.0,1358.0,10497.0
2022-02-23 02:31:00+00:00,1645583460,1.006697712738876,0.9895362648668274,1.0001399779424738,0.0006317945442985,0.5630249052221467,0.0267523748217017,8506.0,5438.0,3792.0,5929.0,834.0,2030.0,74.0,1635.0,6790.0
2022-02-23 02:32:00+00:00,1645583520,1.0046233361400652,0.993903868168408,0.9995775024935932,0.0005535725552186,0.2103791411144944,0.1573648099782869,6808.0,1735.0,3798.0,2840.0,1496.0,3047.0,47.0,814.0,3973.0
2022-02-23 02:33:00+00:00,1645583580,1.0032715071571188,0.9880298549137472,0.9974843958841908,0.0005235878845316,0.0300323670663975,0.0511968410505844,2862.0,2877.0,3613.0,435.0,5085.0,2065.0,54.0,2301.0,12294.0
2022-02-23 02:34:00+00:00,1645583640,1.0020206563975704,0.9909331927579564,1.0011878897001556,0.0004502962097531,0.334630856357385,0.7267052420764483,6528.0,2463.0,2213.0,3653.0,1115.0,5155.0,75.0,1385.0,2801.0
2022-02-23 02:36:00+00:00,1645583760,1.0042796141799104,0.9849959747824688,0.9998196816187972,0.0006521809469656,0.0956916993166486,0.0400082616938446,1431.0,1498.0,3928.0,2046.0,1461.0,2118.0,75.0,1056.0,3233.0
2022-02-23 02:37:00+00:00,1645583820,1.0203981728844171,0.9718020013758812,0.9994476185748756,0.0014590105294897,0.6988054524669355,0.0578665907402779,3928.0,1300.0,8544.0,3957.0,2110.0,4459.0,53.0,926.0,8312.0
2022-02-23 02:38:00+00:00,1645583880,1.0194318435861314,0.9711209207006176,1.0014564731615312,0.0015334837541388,0.7513484646835459,0.1653462441029982,10638.0,3746.0,5899.0,624.0,5007.0,2867.0,77.0,1843.0,7681.0
2022-02-23 02:39:00+00:00,1645583940,1.028962408528848,0.9718528021152328,0.9997894966006105,0.0014924207985818,0.6557079010995994,0.0133757185960211,6245.0,3095.0,7328.0,2758.0,6342.0,4255.0,34.0,1182.0,5955.0
2022-02-23 02:40:00+00:00,1645584000,1.0048140661276594,0.988522082098796,0.9984321606270664,0.0006529872901168,0.1931027205743972,0.0622282548998753,19516.0,5806.0,7113.0,8061.0,5517.0,2745.0,50.0,1981.0,5745.0
2022-02-23 02:41:00+00:00,1645584060,1.0023539326267077,0.9957935085307916,1.000376108851275,0.0005298104498884,0.644807622545556,0.0748715487556358,5804.0,2139.0,12229.0,5115.0,6288.0,9101.0,48.0,4119.0,9110.0
2022-02-23 02:43:00+00:00,1645584180,1.0053308601311783,0.9886969443164658,1.0023969435405204,0.0005094191289317,0.4205484891251311,0.0303087316838848,71657.0,11803.0,7494.0,24399.0,4558.0,10285.0,56.0,1679.0,80455.0
2022-02-23 02:44:00+00:00,1645584240,1.0008964096949515,0.9898992752779522,0.999974855092736,0.0004604829936394,0.1624521767292617,0.0562132480933435,7345.0,2593.0,11729.0,679.0,4500.0,6122.0,43.0,4712.0,4968.0
2022-02-23 02:45:00+00:00,1645584300,1.0049067909345788,0.9893785051834753,0.9982065973645456,0.0004646943415913,0.0089936535445928,0.10022798203582,3471.0,6449.0,11225.0,2942.0,8976.0,6560.0,44.0,723.0,2903.0
2022-02-23 02:46:00+00:00,1645584360,1.0019234600812803,0.993323397832121,0.998484858023024,0.0003919718316514,0.0421811344894638,0.0964107709992878,4167.0,6255.0,17273.0,813.0,1718.0,4715.0,21.0,4380.0,3258.0
2022-02-23 02:47:00+00:00,1645584420,1.002076880145228,0.9893407707268034,1.0002617352348664,0.0004308103828586,0.08786499136126,0.0404268530531634,1162.0,5806.0,5896.0,4308.0,3037.0,4707.0,47.0,1824.0,11710.0
2022-02-23 02:48:00+00:00,1645584480,1.0022168227057455,0.9725361903806744,0.9976616555118564,0.0007065313755714,0.1049668834187681,0.0695435121491558,1954.0,2946.0,1998.0,2538.0,2625.0,1026.0,61.0,2349.0,11198.0
2022-02-23 02:49:00+00:00,1645584540,1.002193495657186,0.9739793940927216,1.0062005924991189,0.0009157735256351,0.3863878864050517,0.0451069673013163,4605.0,4933.0,3371.0,946.0,3663.0,2069.0,63.0,1425.0,8643.0
2022-02-23 02:50:00+00:00,1645584600,1.0021890248846212,0.9810445821070932,0.9990907591857756,0.0010126030865755,0.8438708824180714,0.0283237948836356,9191.0,7210.0,6100.0,1614.0,5428.0,3817.0,41.0,2161.0,7942.0
2022-02-23 02:51:00+00:00,1645584660,1.0079004614870073,0.9832963880560028,0.9975123446268872,0.0009396714115704,0.8035824661210622,0.0191544112342526,3402.0,2347.0,6941.0,2911.0,4504.0,2570.0,57.0,3059.0,3484.0
2022-02-23 02:52:00+00:00,1645584720,1.0093973041637476,0.9876317930204308,0.9993602305064516,0.0007556495730207,0.4246520494907032,0.0771291470721577,32991.0,3552.0,7546.0,10682.0,2740.0,3276.0,35.0,1063.0,60203.0
2022-02-23 02:53:00+00:00,1645584780,1.0058563112468932,0.9882158359866507,1.0012615938274771,0.0007691352736746,0.3944315042282146,0.0936281956031117,5218.0,2344.0,6999.0,4084.0,4082.0,5797.0,56.0,3301.0,11143.0
2022-02-23 02:54:00+00:00,1645584840,1.0077193019622723,0.9892010138858536,1.0004329345204177,0.0006868149696172,0.890025541329896,0.1022573669690355,15499.0,2949.0,5537.0,3117.0,1518.0,3554.0,13.0,2446.0,8612.0
2022-02-23 02:55:00+00:00,1645584900,1.0102828850815724,0.9892010138858536,0.9986071579811586,0.0006697919710678,0.2007121199878502,0.027332082221081,50371.0,5852.0,6793.0,7528.0,4882.0,3581.0,35.0,3388.0,33427.0
2022-02-23 02:56:00+00:00,1645584960,1.0039731823091298,0.9903031379687682,1.0002031971083816,0.0003873728152957,0.2009173665072495,0.0477162587597992,773.0,3588.0,20763.0,3525.0,2814.0,6912.0,10.0,4168.0,8194.0
2022-02-23 02:57:00+00:00,1645585020,1.0035113782575933,0.9894118345689764,0.9996200494543026,0.0004120792802404,0.1447129134715027,0.0392190590792608,2753.0,4394.0,37451.0,2515.0,3517.0,9517.0,13.0,6715.0,4505.0
2022-02-23 02:58:00+00:00,1645585080,1.0042552970963354,0.9853596196379992,1.0000687857318742,0.0004859099754605,0.0585368135241725,0.0822195996116608,7070.0,3692.0,39138.0,5861.0,3706.0,5130.0,8.0,6090.0,20576.0
2022-02-23 02:59:00+00:00,1645585140,0.9997050529100948,0.9898622565229196,1.0009925527029226,0.0008079222671023,0.7003231658180848,0.0086341941236529,10924.0,5848.0,8799.0,7275.0,3642.0,2616.0,57.0,2665.0,13310.0
2022-02-23 03:00:00+00:00,1645585200,1.0103697790313488,0.9848913210642004,1.0023329658633005,0.0007748436785921,0.9522216408412564,0.1244498774506889,24190.0,6666.0,5564.0,5820.0,3445.0,2510.0,90.0,1559.0,12444.0
2022-02-23 14:13:00+00:00,1645625580,1.0081013006103854,0.9892010138858536,0.9980103752974552,0.0006892473035806,0.5522719141190829,0.0178036350315078,484650.0,10728.0,23478.0,25033.0,22369.0,10487.0,60.0,1366.0,234246.0
2022-02-23 14:14:00+00:00,1645625640,1.0047505946637365,0.9903031379687682,1.0005273118699292,0.000410707531287,0.1240220296766597,0.0654562278266088,12967.0,21279.0,3561.0,8755.0,9585.0,5828.0,74.0,1135.0,21660.0
2022-02-23 14:15:00+00:00,1645625700,1.002819246102575,0.9894118345689764,0.9984586084977672,0.0003969558126811,0.0139720345218634,0.0196443116654046,652450.0,533.0,261.0,2179.0,384.0,174.0,54.0,92.0,6409.0
2022-02-23 14:16:00+00:00,1645625760,1.0034931462966468,0.9875020237944276,0.9969358726958556,0.0004613728646478,0.0,0.1974330566170833,16603.0,1165.0,4210.0,4334.0,7140.0,2690.0,23.0,950.0,42251.0
2022-02-23 14:17:00+00:00,1645625820,1.000442873198603,0.989562629102636,1.0008022429749912,0.0008053362496799,0.6386871875640986,0.0128891688283549,69087.0,2358.0,833.0,2680.0,1326.0,1007.0,61.0,400.0,9356.0
2022-02-23 14:30:00+00:00,1645626600,1.0053033332572767,0.9903031379687682,1.0005391581050944,0.0004009828923464,0.2302227353651275,0.0429332689116949,22425.0,4574.0,14349.0,3569.0,3963.0,5416.0,35.0,959.0,18408.0
2022-02-23 14:31:00+00:00,1645626660,1.0028042575224534,0.9894118345689764,1.000941878587338,0.0004157977193992,0.1294947874123746,0.0151480187388828,8449.0,5563.0,16910.0,9549.0,2179.0,7095.0,51.0,1487.0,21604.0
2022-02-23 14:32:00+00:00,1645626720,1.004999928075432,0.9853596196379992,0.9984405896748988,0.000484078271066,0.0600332140701491,0.1801071797870339,7913.0,2977.0,5579.0,8166.0,6574.0,2617.0,41.0,751.0,21704.0
2022-02-23 14:33:00+00:00,1645626780,1.0001551867898888,0.9895856423301852,1.0016041730362928,0.0008082243109434,0.7013460666466451,0.0305961402427467,3473.0,3032.0,6097.0,2097.0,2832.0,6023.0,37.0,4936.0,10971.0
2022-02-23 14:34:00+00:00,1645626840,1.0069895764663446,0.9848913210642004,1.0030336256580656,0.0008138253770668,0.9101812761112816,0.113925741975988,515107.0,23191.0,12101.0,6173.0,21900.0,5095.0,34.0,1498.0,275658.0
2022-02-23 14:35:00+00:00,1645626900,1.0059028121249003,0.9929723467696054,1.0000077871410096,0.0004968276892033,0.2923989645836595,0.2112900337310944,8953.0,2810.0,5940.0,2155.0,4498.0,5631.0,54.0,778.0,1490.0
2022-02-23 14:36:00+00:00,1645626960,1.0086566507184378,0.99034645341683,1.0017039822723997,0.0005234756127468,0.3782785765636342,0.137898255697645,45200.0,4237.0,4397.0,19090.0,5810.0,3870.0,75.0,2903.0,9171.0
2022-02-23 14:37:00+00:00,1645627020,1.0012123837488,0.9961706911327868,0.9976643860524722,0.0004352408936459,0.2995793100675771,0.059260907391387,562694.0,11763.0,7125.0,3354.0,4276.0,5887.0,66.0,3445.0,31945.0
2022-02-23 14:38:00+00:00,1645627080,1.0026512525464657,0.9953446898470948,0.9977563208311296,0.0003864993858905,0.0,0.2556402108155985,9428.0,1709.0,5622.0,629.0,3685.0,3004.0,24.0,1394.0,40962.0
2022-02-23 14:39:00+00:00,1645627140,1.0035751704470302,0.9895600617117912,0.9998389770356002,0.0005461688628225,0.7648752593522318,0.1698082057730994,1688048.0,28243.0,12965.0,28421.0,39735.0,7831.0,47.0,1764.0,26155.0
2022-02-23 14:40:00+00:00,1645627200,1.0099891384155604,0.9853064362634744,1.004791005677002,0.0006093032057061,0.9756565279322018,0.0616712413645433,136406.0,28715.0,8992.0,31718.0,13326.0,2592.0,61.0,2227.0,56234.0
2022-02-23 14:41:00+00:00,1645627260,1.0206413191179773,0.979776128272158,0.9996909884817716,0.0008043828386055,0.6759201641673842,0.2228637887359128,544241.0,9683.0,6291.0,30969.0,11742.0,1421.0,60.0,804.0,38261.0
2022-02-23 14:42:00+00:00,1645627320,1.0122701318381646,0.9860850561267068,0.999098354277774,0.0007661563346847,0.6998026092199116,0.0408012972069395,27682.0,12597.0,4282.0,66353.0,7042.0,6827.0,83.0,1365.0,42465.0
2022-02-23 14:43:00+00:00,1645627380,1.0048376318462895,0.987055138668224,1.0038269280579193,0.0006447843525191,0.9995686573793356,0.2098801001323392,171102.0,4455.0,3193.0,4780.0,1516.0,1678.0,34.0,872.0,54005.0
2022-02-23 14:44:00+00:00,1645627440,1.0100992664849868,0.9884597492256548,1.0032629019455486,0.0006109087438167,1.0,0.3375071262348394,98306.0,3661.0,10494.0,7359.0,7373.0,15985.0,47.0,2359.0,25084.0
2022-02-23 14:45:00+00:00,1645627500,1.0131820685027104,0.9864140359853272,0.9940259709312218,0.0007009730624031,0.5473884924741735,0.0143107303898067,6923.0,18287.0,11005.0,17332.0,8759.0,3969.0,51.0,1114.0,18777.0
2022-02-23 14:46:00+00:00,1645627560,1.0056080000621157,0.990541268628836,1.0009793633612625,0.0006089518102574,0.316927676965886,0.251107904845727,14239.0,7063.0,5319.0,12853.0,4943.0,2923.0,80.0,2628.0,15940.0
2022-02-23 14:47:00+00:00,1645627620,1.0036004144296122,0.9878236253234096,1.00245461710351,0.0005975032133546,0.2897801273972372,0.0525413390302767,3924.0,6960.0,6866.0,3827.0,4306.0,3634.0,67.0,1700.0,24887.0
2022-02-23 14:48:00+00:00,1645627680,1.0020956967325898,0.9925834402055318,1.000982146679138,0.0004531885716068,0.8155887686351071,0.0684676821030455,303.0,2560.0,12882.0,1239.0,4343.0,10378.0,34.0,6819.0,9037.0
2022-02-23 14:49:00+00:00,1645627740,1.0093884453124229,0.9869708539627946,1.0001867345188098,0.0005646464584582,0.9776787707928118,0.1909502735688208,20592.0,4186.0,6390.0,5317.0,2942.0,11105.0,66.0,1217.0,9585.0
2022-02-23 14:50:00+00:00,1645627800,1.015062246502041,0.9851415847199456,1.001868823914513,0.0005261970989691,0.8943806272240087,0.0776124269433008,11257.0,3310.0,9993.0,12783.0,12203.0,8192.0,34.0,5226.0,17773.0
2022-02-23 14:51:00+00:00,1645627860,1.0049171195156064,0.9934785984282716,0.9990063745192754,0.0005166883548537,0.5831610543308282,0.0431847549227519,18142.0,5617.0,7600.0,5690.0,7045.0,6706.0,30.0,2885.0,12658.0
2022-02-23 14:52:00+00:00,1645627920,1.0036360104494015,0.9936234168567966,1.0006139548914,0.00045546382066,0.864834473221139,0.19427602518177,13760.0,1954.0,30197.0,4023.0,3713.0,30289.0,30.0,5789.0,5984.0
2022-02-23 14:53:00+00:00,1645627980,1.0065179268785225,0.9918596134942828,1.001215154953648,0.0004509289808462,0.981017979908986,0.0195780390911391,17017.0,1854.0,16219.0,668.0,4710.0,21231.0,40.0,1828.0,9890.0
2022-02-23 14:54:00+00:00,1645628040,1.010732249203181,0.988868869672206,0.9989060774234008,0.0004880807344087,0.5876154222219128,0.0994384869281501,11583.0,4198.0,26875.0,2647.0,1888.0,4873.0,41.0,2451.0,13870.0
2022-02-23 14:55:00+00:00,1645628100,1.0066522542773788,0.9922805073917392,0.9978825072961224,0.0005580360129241,0.7098305188230986,0.0576670546915982,11437.0,10725.0,18822.0,1673.0,3159.0,10310.0,50.0,3592.0,16252.0
2022-02-23 14:56:00+00:00,1645628160,1.003283048100776,0.9927905340655024,1.001305838222554,0.000615091667883,0.3114163629909544,0.011124619854741,66753.0,8026.0,9257.0,10186.0,5397.0,5062.0,38.0,2098.0,19170.0
2022-02-23 14:57:00+00:00,1645628220,1.002632358042313,0.9885129941825131,1.002863368163855,0.0005340721961222,0.5563125416242392,0.0820216279366772,21316.0,967.0,20818.0,1584.0,4606.0,2598.0,35.0,2599.0,24584.0
2022-02-23 14:58:00+00:00,1645628280,1.0016732760523832,0.9874280415922674,1.002110025191388,0.0007283948945529,0.2208085826451318,0.0134204406552691,63874.0,2746.0,15853.0,6001.0,5417.0,8415.0,38.0,3401.0,3978.0
2022-02-24 13:56:00+00:00,1645710960,1.0004195107854947,0.989562629102636,1.0006088785513387,0.0008043441239334,0.6613470922082184,0.0263774735314706,336439.0,7554.0,8771.0,16009.0,10212.0,2251.0,30.0,1281.0,139702.0
2022-02-24 13:57:00+00:00,1645711020,1.00179317162342,0.9900471346490074,1.0003706535750692,0.0007824869161947,0.6705969598045723,0.0244007233721052,106564.0,7528.0,3818.0,7644.0,6059.0,2033.0,51.0,1143.0,16598.0
2022-02-24 13:58:00+00:00,1645711080,1.0151573822734707,0.9850013049061036,0.9982475808918888,0.000791212162693,0.6787257381197295,0.0629509645986485,76160.0,4773.0,2139.0,930.0,7024.0,5694.0,17.0,1340.0,101398.0
2022-02-24 13:59:00+00:00,1645711140,1.0079020969815242,0.99034645341683,0.9986916095955148,0.0004992515514688,0.0,0.3988652893638001,18876.0,5354.0,3349.0,4542.0,2083.0,3836.0,53.0,1112.0,23088.0
2022-02-24 14:00:00+00:00,1645711200,1.0032210782983435,0.99034645341683,1.0014178474390607,0.0004832910791722,0.5798294895344274,0.0588279744077441,165585.0,4036.0,2549.0,8486.0,3188.0,3383.0,40.0,1797.0,44155.0
2022-02-24 14:01:00+00:00,1645711260,1.0026278655594865,0.9959117452079724,1.0002594839341836,0.0003800766504339,0.196492364405726,0.1838312625843532,42005.0,5481.0,2289.0,1049.0,1146.0,3220.0,57.0,1007.0,16956.0
2022-02-24 14:02:00+00:00,1645711320,1.0037223506353912,0.9895600617117912,0.999977026528996,0.0005350491607459,0.7870375698559393,0.116697858270246,43280.0,1627.0,3740.0,6434.0,1116.0,2136.0,63.0,1101.0,14449.0
2022-02-24 14:03:00+00:00,1645711380,1.0046211641359666,0.9905789172531988,1.0026176172044934,0.0005667079520714,0.9685471486733612,0.1661025168680158,702219.0,10851.0,10195.0,53221.0,37639.0,2070.0,40.0,871.0,81230.0
2022-02-24 14:04:00+00:00,1645711440,1.017971164589411,0.9794566477511916,0.9965824207550122,0.0008028485033958,0.7676388910104792,0.1737910860860212,24417.0,4992.0,5279.0,6183.0,3879.0,930.0,74.0,637.0,22385.0
2022-02-24 14:05:00+00:00,1645711500,1.0142508715055438,0.985896547589038,0.9998272665878348,0.0007629234673792,0.6584777278303472,0.1298694358093215,77460.0,4872.0,7555.0,3151.0,3371.0,2541.0,51.0,437.0,27332.0
2022-02-24 14:06:00+00:00,1645711560,1.0082915369393417,0.9892999635977152,1.0000274232125312,0.0007182093943437,0.5570155196852146,0.0376793636569753,7893.0,3873.0,16769.0,8421.0,4153.0,2966.0,60.0,3261.0,12788.0
2022-02-24 14:07:00+00:00,1645711620,1.0114510370769458,0.9858077319564688,0.998638376072588,0.0006309085251191,0.8698275102624557,0.2338188539274867,25747.0,3483.0,6115.0,14075.0,21710.0,7743.0,40.0,7887.0,23008.0
2022-02-24 14:08:00+00:00,1645711680,1.0106208933195056,0.9891102601328688,1.0004387895599811,0.0005819606830554,0.9447617245101952,0.1426332675834278,28431.0,9173.0,11299.0,10990.0,4507.0,3537.0,61.0,1517.0,12599.0
2022-02-24 14:09:00+00:00,1645711740,1.0059766796669565,0.990541268628836,0.9997070135003716,0.0006388793781669,0.1174436661852336,0.0291020021021481,16382.0,1324.0,3171.0,3161.0,4126.0,4227.0,50.0,1493.0,8832.0
2022-02-24 14:10:00+00:00,1645711800,1.004123115128517,0.9886202260013854,0.999657738924628,0.0005830311359134,0.1016529605703529,0.1116495113025446,31549.0,911.0,2341.0,3939.0,1527.0,997.0,60.0,1113.0,39130.0
2022-02-24 14:11:00+00:00,1645711860,1.0021790041368706,0.9925834402055318,1.0011906445811425,0.0004652059895792,0.4633894357455761,0.2357743391946988,15032.0,4719.0,1513.0,2128.0,2726.0,2261.0,83.0,425.0,4641.0
2022-02-24 14:12:00+00:00,1645711920,1.0047422024628945,0.989866324185963,0.9992641674096462,0.0004843425788846,0.8645149753492231,0.1059631386314655,3140.0,2621.0,1787.0,1469.0,5514.0,773.0,40.0,1525.0,3917.0
2022-02-24 14:13:00+00:00,1645711980,1.0127011062643572,0.9849315124152048,0.9988332776507398,0.00053938738415,0.8496655357368682,0.0791189555232292,33786.0,2257.0,3914.0,4129.0,1432.0,713.0,90.0,653.0,1961.0
2022-02-24 14:14:00+00:00,1645712040,1.010701555549744,0.9891402254485476,1.001692692697169,0.0005272811861746,0.8835542857252128,0.0345064652091892,6796.0,1671.0,2807.0,332.0,1938.0,448.0,10.0,645.0,3648.0
2022-02-24 14:15:00+00:00,1645712100,1.0024249769934646,0.9954058370003004,1.0006175769496546,0.0004187666329116,0.2998386041868233,0.0601898768998117,3284.0,3506.0,5629.0,9679.0,2543.0,579.0,47.0,524.0,6917.0
2022-02-24 14:16:00+00:00,1645712160,1.00383867455707,0.9925465873438204,1.0000725453746615,0.0004554113487524,0.903165615117229,0.0917173881467412,12119.0,1143.0,2485.0,3438.0,648.0,764.0,48.0,1597.0,13810.0
2022-02-24 14:17:00+00:00,1645712220,1.0092426219718107,0.9885078400177638,0.9987321164033433,0.0004798324439178,0.8226731564395943,0.1462908147899245,3324.0,1917.0,2821.0,1377.0,2050.0,1196.0,56.0,1569.0,6380.0
2022-02-24 14:18:00+00:00,1645712280,1.0079822036270836,0.9920810073844948,1.0007062919887604,0.0005547803646791,0.9602968785067676,0.0315038930631431,5948.0,3583.0,1557.0,4070.0,4043.0,2019.0,51.0,1272.0,25933.0
2022-02-24 14:19:00+00:00,1645712340,1.005809057971309,0.9927905340655024,0.9997360004230436,0.000567318112328,0.6743372850688181,0.0424311003427789,7622.0,1972.0,3335.0,9299.0,4640.0,961.0,74.0,1530.0,6969.0
2022-02-24 14:20:00+00:00,1645712400,1.008861911193772,0.9885129941825131,0.9980456080819592,0.0005914734688052,0.0998732516765276,0.1128771227616751,652436.0,31970.0,18964.0,73936.0,8838.0,22332.0,66.0,11571.0,137786.0
2022-02-25 01:41:00+00:00,1645753260,1.0048208785777886,0.9929723467696054,0.998841341989516,0.000490632497809,0.1503007926436734,0.1225180931480794,20574.0,3325.0,3799.0,17077.0,5965.0,3956.0,83.0,2751.0,16803.0
2022-02-25 01:42:00+00:00,1645753320,1.0087524009720206,0.99034645341683,1.0013475363103908,0.0005226092968342,0.4136974224483815,0.0754477181229738,33908.0,25825.0,13533.0,102123.0,12363.0,3515.0,84.0,1981.0,96417.0
2022-02-25 01:43:00+00:00,1645753380,1.0014044752766829,0.9961706911327868,0.9984894518582376,0.0004352856479055,0.3841593604326104,0.1262245465140453,33779.0,6485.0,3481.0,24322.0,9371.0,3778.0,84.0,1608.0,17949.0
2022-02-25 01:44:00+00:00,1645753440,1.0031515945250924,0.9955182609395304,0.9984041155511356,0.0003857932043942,0.0346722375419689,0.0890915780462202,16409.0,9205.0,7820.0,3550.0,12019.0,4829.0,43.0,1531.0,14093.0
2022-02-25 01:45:00+00:00,1645753500,1.0038387118098195,0.9895600617117912,1.0002145340592377,0.0005417976182049,0.7952354832790423,0.1202692136724631,5518.0,18569.0,4972.0,24717.0,12924.0,5292.0,60.0,2444.0,26564.0
2022-02-25 01:46:00+00:00,1645753560,1.009871289767903,0.9853064362634744,1.0052853154891686,0.0006116918241858,0.9743016682268718,0.0813447809751346,8673.0,9515.0,6930.0,2988.0,5752.0,3669.0,43.0,2155.0,42769.0
2022-02-25 01:47:00+00:00,1645753620,1.0209742333118832,0.9794566477511916,0.9977652512828692,0.0008014290222427,0.6126657215764262,0.2370198442449616,34203.0,27477.0,3026.0,7512.0,3854.0,2020.0,67.0,922.0,9890.0
2022-02-25 01:48:00+00:00,1645753680,1.0125135213648864,0.9860850561267068,1.0001234781182755,0.0007661737563064,0.7086575161432389,0.0114871127086674,20118.0,12324.0,7917.0,3424.0,17508.0,5103.0,57.0,990.0,7354.0
2022-02-25 01:49:00+00:00,1645753740,1.0028963895223253,0.9873180113957162,1.0040164264437808,0.0006518434643588,1.0,0.8403618019928996,7281.0,4432.0,12768.0,9203.0,2115.0,3751.0,81.0,1411.0,11464.0
2022-02-25 01:50:00+00:00,1645753800,1.011642615001646,0.9884913754828064,1.0024725719973453,0.0006248399102575,1.0,0.4017852191382332,2589681.0,44811.0,5089.0,86939.0,9615.0,6307.0,70.0,2420.0,131443.0
2022-02-25 01:51:00+00:00,1645753860,1.01262237249178,0.9864140359853272,0.9938639174532672,0.0007026696049485,0.5532342971407136,0.028641022312398,5956.0,12781.0,1649.0,3061.0,3184.0,1869.0,70.0,786.0,59398.0
2022-02-25 01:52:00+00:00,1645753920,1.0058684632943284,0.990541268628836,1.0010671471462596,0.0006266820773143,0.3371730359590185,0.0067110124831454,16679.0,6482.0,5150.0,15970.0,3092.0,4467.0,40.0,1891.0,33454.0
2022-02-25 01:53:00+00:00,1645753980,1.0038676102901192,0.9878236253234096,1.0022108983685618,0.0005982521773323,0.2518432289311064,0.1366053471289824,13914.0,6320.0,4527.0,12771.0,3648.0,7395.0,66.0,3173.0,9071.0
2022-02-25 01:54:00+00:00,1645754040,1.0032106457171368,0.9925834402055318,1.0022932933341386,0.0004567210316078,0.7864385565159995,0.1317689097074275,6102.0,5190.0,9704.0,11819.0,2741.0,6291.0,34.0,1216.0,25161.0
2022-02-25 01:55:00+00:00,1645754100,1.0082332697262364,0.9869708539627946,1.0001171348306928,0.0005682978602698,0.950484652197064,0.1528969612390394,10105.0,4748.0,4027.0,2380.0,3355.0,1811.0,61.0,1162.0,10919.0
2022-02-25 01:56:00+00:00,1645754160,1.0151501201373192,0.9850759805502758,1.00182636043743,0.0005259649569894,0.8798026552162196,0.0652387403365626,7162.0,1853.0,1958.0,26222.0,6826.0,2177.0,51.0,501.0,3281.0
2022-02-25 01:57:00+00:00,1645754220,1.0052562828727312,0.9934785984282716,0.9986427099060996,0.0005183294990827,0.4825330367987449,0.2217613872218919,3802.0,2765.0,8283.0,4738.0,7797.0,1246.0,54.0,1592.0,5927.0
2022-02-25 01:58:00+00:00,1645754280,1.0035248785505615,0.9936234168567966,1.0022547480865711,0.0004571993269668,0.9008223452919398,0.1037818824609768,22775.0,6560.0,3265.0,4461.0,4395.0,3678.0,43.0,1921.0,20158.0
2022-02-25 01:59:00+00:00,1645754340,1.0051718153833649,0.9920185177729632,1.0017444852643729,0.000453937872833,1.0,0.1490787581524681,9840.0,1770.0,3684.0,6258.0,4539.0,2310.0,51.0,1170.0,12040.0
2022-02-25 02:00:00+00:00,1645754400,1.0110210767921337,0.9885078400177638,0.9985546181647654,0.0004891592785327,0.6025828682895287,0.132514183509754,25606.0,14352.0,6750.0,13300.0,2049.0,1827.0,88.0,1794.0,15631.0
2022-02-25 02:15:00+00:00,1645755300,1.0026746454737312,0.9959117452079724,0.9995069136314576,0.0003919180623534,0.2062665779990867,0.0371183655769453,4665.0,4158.0,5718.0,9828.0,4656.0,1884.0,81.0,917.0,2676.0
2022-02-25 02:16:00+00:00,1645755360,1.005246617794795,0.9895600617117912,1.0061155599301987,0.0005065347650309,0.7369089624415939,0.3639781060816131,3816.0,1216.0,5809.0,12917.0,4556.0,1293.0,47.0,1224.0,36451.0
2022-02-25 02:17:00+00:00,1645755420,1.001182215526979,0.9918175918929796,0.9987386132180748,0.0005449240298529,0.7906888700979673,0.2417274527292435,115037.0,18650.0,2393.0,24245.0,6573.0,2705.0,44.0,1210.0,75673.0
2022-02-25 02:18:00+00:00,1645755480,1.0160766577958205,0.9794566477511916,1.0022877084146125,0.0007509144296471,0.9391539694446648,0.1760230354552349,5825.0,4402.0,6127.0,9372.0,8481.0,869.0,60.0,1919.0,25265.0
2022-02-25 02:19:00+00:00,1645755540,1.0141422992347742,0.985412498715646,1.005492331380066,0.0007488912575936,0.7108394471779295,0.1475772390013737,9676.0,7306.0,3816.0,10494.0,3130.0,1792.0,48.0,808.0,21697.0
2022-02-25 02:20:00+00:00,1645755600,1.011077679264485,0.9889849928411484,0.9996855061358894,0.0007522281954856,0.6543029729475048,0.0483739774941845,7668.0,3268.0,3256.0,5563.0,2362.0,2393.0,61.0,1747.0,18018.0
2022-02-25 02:21:00+00:00,1645755660,1.01137310088972,0.9858077319564688,1.002853784355443,0.0006336840024479,0.9782068151284532,0.0982739124922172,331909.0,6520.0,3544.0,1256.0,5153.0,1514.0,35.0,1578.0,67886.0
2022-02-25 02:22:00+00:00,1645755720,1.0095011452407077,0.9890257017583288,1.0001858381174609,0.0005872178897934,0.9165883498692764,0.051892475586097,6315.0,7693.0,4812.0,19955.0,2729.0,3822.0,53.0,2097.0,12392.0
2022-02-25 02:23:00+00:00,1645755780,1.0089745706944486,0.990541268628836,1.000198035463521,0.0006618566121901,0.2298701997701111,0.2452006232283727,8590.0,5564.0,5618.0,7082.0,4755.0,4215.0,51.0,1034.0,14236.0
2022-02-25 02:24:00+00:00,1645755840,1.0068085038337349,0.9902158196844996,0.9970454924815216,0.0005984656094524,0.0,0.3135839543341851,24480.0,9877.0,3432.0,5174.0,4685.0,1729.0,61.0,1612.0,5199.0
2022-02-25 02:25:00+00:00,1645755900,1.000420436372088,0.9883197047262924,1.0010242633175583,0.0005851320125172,0.1627931198157208,0.1035599756682592,4044.0,2907.0,17736.0,3622.0,5151.0,2813.0,53.0,3769.0,19722.0
2022-02-25 02:26:00+00:00,1645755960,1.005630008999913,0.989866324185963,1.000657655701146,0.0005243345256924,0.8390360512992779,0.1730491161715964,50925.0,10694.0,3445.0,1121.0,3507.0,5764.0,60.0,1488.0,25445.0
2022-02-25 02:27:00+00:00,1645756020,1.0142984937746888,0.9853448257968443,1.0029564275000336,0.0005609189608317,1.0,0.1983820958527795,7490.0,5176.0,6430.0,10200.0,5196.0,2710.0,61.0,1932.0,9061.0
2022-02-25 02:28:00+00:00,1645756080,1.0126879375345983,0.9874710292634796,0.9998599885831332,0.0005354848503779,0.8226484132240343,0.1044194467997235,15415.0,1398.0,5504.0,2644.0,10713.0,2559.0,48.0,1452.0,13556.0
2022-02-25 02:29:00+00:00,1645756140,1.0019440737420795,0.9954058370003004,0.9985920542836212,0.0004388005645096,0.0790811729816935,0.0229890214013682,43100.0,2419.0,1330.0,14839.0,3149.0,742.0,67.0,970.0,14554.0
2022-02-25 02:30:00+00:00,1645756200,1.0053589657032118,0.9926349054571886,1.0003451208688392,0.0004617035301522,0.9516705603586876,0.0669674248085473,19821.0,6602.0,8330.0,2569.0,5315.0,8771.0,34.0,1691.0,20409.0
